<?xml version="1.0" encoding="UTF-8"?>
<!DOCTYPE item PUBLIC "-//Art Technology Group, Inc.//DTD Repository Ouput Specifier 1.0//EN" "http://www.atg.com/dtds/search/indexing-dependency-schema.dtd">
<item item-descriptor-name="application" is-document="true">
	<properties>
		<property name="$repositoryId" is-dimension="false" type="string" />
		<property name="$docId" type="string" output-name="record.spec" />
		<property name="$url" type="string" />
		<property name="$itemDescriptor.itemDescriptorName" type="string"
			filter="unique" />
		<property name="$baseUrl" is-dimension="false" type="string" output-name="baseUrl" />
		<property name="title" type="string" output-name="product.displayName" />
		<property name="id" type="string" output-name="product.id" />
		<property name="relatedProductGroups" type="string" output-name="relatedProductGroups" />
		<property name="resources" type="string" output-name="resources" />
		<property name="misc1" type="string" output-name="misc1" />
		<property name="misc2" type="string" output-name="misc2" />
		<property name="isActive" type="boolean" output-name="isActive" />
		<property name="isDisplayRelatedLit" type="boolean" output-name="isDisplayRelatedLit" />
		<property name="isDisplayPromotions" type="boolean" output-name="isDisplayPromotions" />
		<property name="isDisplayProtocols_Manuals" type="boolean" output-name="isDisplayProtocols_Manuals" />
		<property name="isDisplayMSDSs_CofAs" type="boolean" output-name="isDisplayMSDSs_CofAs" />
		<property name="isDisplayTools_Calc" type="boolean" output-name="isDisplayTools_Calc" />
		<property name="isDisplayWebinars" type="boolean" output-name="isDisplayWebinars" />
		<property name="isDisplayVideos" type="boolean" output-name="isDisplayVideos" />
		<property name="isDisplayEvents" type="boolean" output-name="isDisplayEvents" />
		<property name="type" type="string" output-name="Content_Type"
			is-non-repository-property="true" default-value="Library"
			property-accessor="null" />
		<property name="dimension-library" type="string" output-name="Library"
			is-non-repository-property="true" default-value="application" is-dimension="true"
			property-accessor="null" />
		<property name="language" type="string" output-name="Endeca.Document.Language"
			is-dimension="true" property-accessor="/atg/endeca/index/commerce/AgilentLanguageNameAccessor"
			is-non-repository-property="true" />
	</properties>
</item>