<?xml version="1.0" encoding="UTF-8"?>
<!DOCTYPE item PUBLIC "-//Art Technology Group, Inc.//DTD Repository Ouput Specifier 1.0//EN" "http://www.atg.com/dtds/search/indexing-dependency-schema.dtd">
<item item-descriptor-name="campaign" is-document="true">
	<properties>
		<property name="$repositoryId" is-dimension="false" type="string" />
		<property name="$docId" type="string" output-name="record.spec" />
		<property name="$url" type="string" />
		<property name="$itemDescriptor.itemDescriptorName" type="string"
			filter="unique" />
		<property name="$baseUrl" is-dimension="false" type="string" output-name="baseUrl" />
		<property name="id" type="string" output-name="product.id" />
		<property name="campaignName" type="string" output-name="product.displayName" />
		<property name="externalCampaignId" type="string" output-name="externalCampaignId" />
		<property name="misc1" type="string" output-name="misc1" />
		<property name="misc2" type="string" output-name="misc2" />
		<property name="type" type="string" output-name="Content_Type"
			is-non-repository-property="true" default-value="Library"
			property-accessor="null" />
		<property name="dimension-library" type="string" output-name="Library"
			is-non-repository-property="true" default-value="campaign" is-dimension="true"
			property-accessor="null" />
		<property name="language" type="string" output-name="Endeca.Document.Language"
			is-dimension="true" property-accessor="/atg/endeca/index/commerce/AgilentLanguageNameAccessor"
			is-non-repository-property="true" />
	</properties>
</item>