<?xml version="1.0" encoding="UTF-8"?>
<!DOCTYPE item PUBLIC "-//Art Technology Group, Inc.//DTD Repository Ouput Specifier 1.0//EN" "http://www.atg.com/dtds/search/indexing-dependency-schema.dtd">
<item item-descriptor-name="category" is-document="true">
	<title property-name="displayName" />
	<properties>
		<property name="$repositoryId" is-dimension="false" type="string" />
		<property name="$docId" type="string" output-name="record.spec" />
		<property name="$url" type="string" />
		<property name="$itemDescriptor.itemDescriptorName"
			is-dimension="true" type="string" filter="unique" />
		<property name="$baseUrl" is-dimension="false" type="string" />
		<property name="$siteId" is-dimension="true" type="string"
			output-name="product.siteId" />
		<property name="$repository.repositoryName" />
		<property name="displayName" type="string" property-accessor="languagePropertyAccessor" />
		<property name="description" type="string" property-accessor="languagePropertyAccessor"
			filter="html" />
		<property name="type" type="string" output-name="Content_Type"
			is-non-repository-property="true" default-value="productOverview"
			property-accessor="null" />
		<property name="language" type="string" output-name="Endeca.Document.Language"
			is-dimension="true" property-accessor="/atg/endeca/index/commerce/AgilentLanguageNameAccessor"
			is-non-repository-property="true" />
	</properties>
	<item is-multi="true" property-name="childProducts">
		<properties>
			<property name="$repositoryId" is-dimension="false" type="string" />
			<property name="dimval.spec" type="string"
				property-accessor="/atg/commerce/endeca/index/accessor/SpecPropertyAccessor"
				output-name="product.parentCategory.id" is-non-repository-property="true" />
		</properties>
	</item>
	<item is-multi="true" property-name="childCategories">
		<properties>
			<property name="$repository.repositoryName" />
			<property name="$repositoryId" type="string" />
			<property name="displayName" type="string"
				output-name="childCategory.displayName" filter="concat,html"
				property-accessor="languagePropertyAccessor" />
		</properties>
		<item is-multi="true" property-name="childProducts">
			<properties>
				<property name="$repository.repositoryName" />
				<property name="$repositoryId" type="string" />
				<property name="id" type="string" output-name="product.id"
					filter="concat,html" property-accessor="languagePropertyAccessor" />
				<property name="keywords" filter="concat,html"
					output-name="product.keywords" text-searchable="true" />
				<property name="longDescription" type="string"
					text-searchable="true" output-name="product.longDescription"
					filter="concat,html" property-accessor="languagePropertyAccessor" />
				<property name="description" type="string"
					output-name="product.description" filter="concat,html"
					property-accessor="languagePropertyAccessor" />
				<property name="displayName" type="string"
					output-name="product.displayName" filter="concat,html"
					property-accessor="languagePropertyAccessor" />
			</properties>
		</item>
	</item>
</item>