<?xml version="1.0" encoding="UTF-8"?>
<!DOCTYPE item PUBLIC "-//Art Technology Group, Inc.//DTD Repository Ouput Specifier 1.0//EN" "http://www.atg.com/dtds/search/indexing-dependency-schema.dtd">
<item item-descriptor-name="childProbes" is-document="true">
	<properties>
		<property name="$repositoryId" is-dimension="false" type="string" />
		<property name="$docId" type="string" output-name="record.spec" />
		<property name="$url" type="string" />
		<property name="$itemDescriptor.itemDescriptorName"
			is-dimension="true" type="string" filter="unique" />
		<property name="$baseUrl" is-dimension="false" type="string" />
		<property name="$siteId" is-dimension="true" type="string"
			output-name="product.siteId" />
		<property name="$repository.repositoryName" suppress="true" />
		<property name="id" type="string" output-name="product.id" />
		<property name="chrom" type="string" output-name="product.childProbes.chrom">
			<translate input="chr1" output="1" />
			<translate input="chr2" output="2" />
			<translate input="chr3" output="3" />
			<translate input="chr4" output="4" />
			<translate input="chr5" output="5" />
			<translate input="chr6" output="6" />
			<translate input="chr7" output="7" />
			<translate input="chr8" output="8" />
			<translate input="chr9" output="9" />
			<translate input="chr10" output="10" />
			<translate input="chr11" output="11" />
			<translate input="chr12" output="12" />
			<translate input="chr13" output="13" />
			<translate input="chr14" output="14" />
			<translate input="chr15" output="15" />
			<translate input="chr16" output="16" />
			<translate input="chr17" output="17" />
			<translate input="chr18" output="18" />
			<translate input="chr19" output="19" />
			<translate input="chr20" output="20" />
			<translate input="chr21" output="21" />
			<translate input="chr22" output="22" />
			<translate input="chrX" output="X" />
			<translate input="chrY" output="Y" />
		</property>
		<property name="probType" type="string" output-name="product.childProbes.probType" />
		<property name="probeName" type="string" output-name="product.displayName" />
		<property name="startLocation" type="integer"
			output-name="product.childProbes.startLocation" />
		<property name="endLocation" type="integer" output-name="product.childProbes.endLocation" />
		<property name="color" type="string" output-name="product.childProbes.color" />
		<property name="type" type="string" output-name="Content_Type"
			is-non-repository-property="true" default-value="childProbes"
			property-accessor="null" />
		<property name="language" type="string" output-name="Endeca.Document.Language"
			is-dimension="true" property-accessor="/atg/endeca/index/commerce/AgilentLanguageNameAccessor"
			is-non-repository-property="true" />
	</properties>
</item>