<?xml version="1.0" encoding="UTF-8"?>
<!DOCTYPE item PUBLIC "-//Art Technology Group, Inc.//DTD Repository Ouput Specifier 1.0//EN" "http://www.atg.com/dtds/search/indexing-dependency-schema.dtd">
<item item-descriptor-name="exportLibrary" is-document="true">
	<properties>
		<property name="$repositoryId" is-dimension="false" type="string" />
		<property name="$docId" type="string" output-name="record.spec" />
		<property name="$url" type="string" />
		<property name="$itemDescriptor.itemDescriptorName" type="string"
			filter="unique" />
		<property name="$baseUrl" is-dimension="false" type="string" output-name="baseUrl" />
		<property name="id" type="string" output-name="product.id" />
		<property name="contentType" type="string" output-name="contentType" />
		<property name="contentType" type="string" output-name="exportLibrary-contentType" is-dimension="true"/>
		<property name="title" type="string" output-name="product.displayName" filter="html" />
		<property name="publicationPartNumber" type="string" output-name="sku.catalogId" />
		<property name="agilentPartNumber" type="string" output-name="agilentPartNumber" />
		<property name="country" type="string" output-name="country" />
		<property name="author" type="string" output-name="author" />
		<property name="linkFileName" type="string" output-name="linkFileName" />
		<property name="fileSize" type="integer" output-name="fileSize" />
		<property name="isActive" type="boolean" output-name="isActive" />
		<property name="product" type="string" output-name="product" />
		<property name="industryGroup" type="string" output-name="industryGroup" />
		<property name="industryType" type="string" output-name="industryType" />
		<property name="industry" type="string" output-name="industry" />
		<property name="startDate" type="date" output-name="startDate" />
		<property name="endDate" type="date" output-name="endDate" />
		<property name="products" type="string" property-accessor="/atg/commerce/search/ProductNameValueAccessor" text-searchable="true" is-non-repository-property="true" output-name="product.title"/>
		<property name="productGroup" type="string" property-accessor="/atg/commerce/search/ProductNameValueAccessor" text-searchable="true" is-non-repository-property="true" output-name="category.title"/>
		<property name="url" type="string" output-name="product.url"/>
		<property name="type" type="string" output-name="Content_Type"
			is-non-repository-property="true" default-value="Library"
			property-accessor="null" />
		<property name="dimension-library" type="string" output-name="Library"
			is-non-repository-property="true" default-value="exportLibrary" is-dimension="true"
			property-accessor="null" />
		<property name="language" type="string" output-name="Endeca.Document.Language"
			is-dimension="true" property-accessor="/atg/endeca/index/commerce/AgilentLanguageNameAccessor"
			is-non-repository-property="true" />
	</properties>
</item>