<?xml version="1.0" encoding="UTF-8"?>
<!DOCTYPE item PUBLIC "-//Art Technology Group, Inc.//DTD Repository Ouput Specifier 1.0//EN" "http://www.atg.com/dtds/search/indexing-dependency-schema.dtd">
<item item-descriptor-name="genericPages" is-document="true">
	<properties>
		<property name="$repositoryId" is-dimension="false" type="string" />
		<property name="$docId" type="string" output-name="record.spec" />
		<property name="$url" type="string" />
		<property name="$itemDescriptor.itemDescriptorName" type="string"
			filter="unique" />
		<property name="$baseUrl" is-dimension="false" type="string" output-name="baseUrl"/>
		<property name="description" type="string" property-accessor="languagePropertyAccessor"
			output-name="product.description" filter="html" />
		<property name="pageTitle" type="string" property-accessor="languagePropertyAccessor"
			output-name="product.displayName" />
		<property name="pageUrl" type="string" property-accessor="languagePropertyAccessor" />
		<property name="metaDescription" type="string"
			property-accessor="languagePropertyAccessor" output-name="product.metaDescription"/>
		<property name="misc1" type="string" property-accessor="languagePropertyAccessor" output-name="misc1" />
		<property name="misc2" type="string" property-accessor="languagePropertyAccessor" output-name="misc2" />
		<property name="misc3" type="string" property-accessor="languagePropertyAccessor" output-name="misc3" />
		<property name="misc4" type="string" property-accessor="languagePropertyAccessor" output-name="misc4" />
		<property name="id" type="string" output-name="product.id" />
		<property name="isActive" type="boolean" output-name="isActive" />
		<property name="dateAdded" type="date" output-name="dateAdded" />
		<property name="lastUpdateDate" type="date" output-name="lastUpdateDate" />
		<property name="endDate" type="date" output-name="endDate" />
		<property name="type" type="string" output-name="Content_Type"
			is-non-repository-property="true" default-value="Library"
			property-accessor="null" />
		<property name="dimension-library" type="string" output-name="Library"
			is-non-repository-property="true" default-value="genericPages"
			is-dimension="true" property-accessor="null" />
		<property name="language" type="string" output-name="Endeca.Document.Language"
			is-dimension="true" property-accessor="/atg/endeca/index/commerce/AgilentLanguageNameAccessor"
			is-non-repository-property="true" />
	</properties>
	<item property-name="genericPagesProducts">
		<properties>
			<property name="displayName" property-accessor="languagePropertyAccessor"
				output-name="genericPagesProducts.title" filter="html"
				text-searchable="true" />
			<property name="description" property-accessor="languagePropertyAccessor"
				output-name="genericPagesProducts.description" filter="html"
				text-searchable="true" />
		</properties>
	</item>
	<item property-name="genericPagesCategories">
		<properties>
			<property name="displayName" property-accessor="languagePropertyAccessor"
				output-name="genericPagesCategories.title" filter="html"
				text-searchable="true" />
			<property name="description" property-accessor="languagePropertyAccessor"
				output-name="genericPagesCategories.description" filter="html"
				text-searchable="true" />
		</properties>
	</item>
</item>