<?xml version="1.0" encoding="UTF-8"?>
<!DOCTYPE item PUBLIC "-//Art Technology Group, Inc.//DTD Repository Ouput Specifier 1.0//EN" "http://www.atg.com/dtds/search/indexing-dependency-schema.dtd">
<item item-descriptor-name="product" is-document="false">
	<item property-name="childSKUs" is-document="true">
		<properties>
			<property name="language" type="string" output-name="Endeca.Document.Language"
				property-accessor="/atg/endeca/index/commerce/AgilentLanguageNameAccessor"
				is-non-repository-property="true" />
			<property name="$repositoryId" is-dimension="false" type="string"
				text-searchable="true" />
			<property name="displayNameDefault" type="string" output-name="Description"
				property-accessor="languagePropertyAccessor" filter="html"
				text-searchable="true" />
			
			<property name="productLine" type="string" output-name="ProductLine" />		
			<property name="catalogId" type="string" text-searchable="true" output-name="DisplayName" />
			<property name="$docId" type="string" output-name="record.spec" />
			<property name="$url" type="string" />
			<property name="$itemDescriptor.itemDescriptorName"
				is-dimension="true" type="string" filter="unique" />
			<property name="$baseUrl" is-dimension="false" type="string" />
			<property name="$repository.repositoryName" />
			<property name="record_type_genomic" type="string" default-value="GenoPart" is-non-repository-property="true" property-accessor="null" output-name="record_type_common"/>
		</properties>
		
		<!--  sku parent is actually the ParentCategoryName source property in the pipeline -->
		<item property-name="parentProducts">
			<properties>
				<property name="$repositoryId" type="string" output-name="ParentCategoryName" suppress="false" />
				<property name="displayName" type="string" output-name="ParentDisplayName" suppress="false" />
			
			</properties>
		</item>
	
	</item>
	
</item>