<?xml version="1.0" encoding="UTF-8"?>
<!DOCTYPE item PUBLIC "-//Art Technology Group, Inc.//DTD Repository Ouput Specifier 1.0//EN" "http://www.atg.com/dtds/search/indexing-dependency-schema.dtd">
<item item-descriptor-name="product" is-document="true">
	<properties>
		<property name="$itemDescriptor.itemDescriptorName" type="string"
			filter="unique" />
		<property name="$repository.repositoryName" />
		<property name="$docId" type="string" output-name="record.spec" />
		<property name="$repositoryId" type="string" text-searchable="true" />
		<property name="description" type="string" property-accessor="languagePropertyAccessor" filter="html" />
		<property name="language" type="string" output-name="Endeca.Document.Language"
			is-dimension="true" property-accessor="/atg/endeca/index/commerce/AgilentLanguageNameAccessor"
			is-non-repository-property="true" />
		<property name="type" type="string" property-accessor="languagePropertyAccessor" output-name="Content_Type" />
		<property name="longDescription" type="string" property-accessor="languagePropertyAccessor" filter="html" />
		<property name="displayName" type="string" property-accessor="languagePropertyAccessor" />
		<property name="liveProduct" type="boolean" output-name="liveProductStatus" />
		<property name="keywords" type="string" property-accessor="languagePropertyAccessor" />
		<property name="productImageURL" type="string" output-name="Product_Image_URL" />
		<property name="cytobandsName" type="string" output-name="product_related_part_number" />
		<property name="cytobandsName" type="string" output-name="product_related_cytoband_name" />
	</properties>
	
	
	<!-- relatedGenes for surefish products only-->
	<item is-multi="true" property-name="relatedGenes" subtype="sureFish">
		<properties>
			<property name="$itemDescriptor.itemDescriptorName" type="string"
				filter="unique" />
			<property name="$repository.repositoryName" />
			<property name="$repositoryId" type="string" />
			<property name="id" type="string" property-accessor="languagePropertyAccessor" />
			
			<property name="name" type="string"  output-name="product_related_part_number" />
			<property name="name" type="string"  output-name="product_related_gene_name" />
		</properties>
	</item>
	

	
	<item is-multi="true" property-name="childSKUs">
		<properties>
			<property name="$itemDescriptor.itemDescriptorName" type="string"
				filter="unique" />
			<property name="$repository.repositoryName" />
			<property name="$repositoryId" type="string" />
			
			<property name="catalogId" type="string" property-accessor="languagePropertyAccessor" output-name="product_related_part_number"/>
		</properties>
	</item>
	
	
	<item property-name="parentCategories">
		<properties>
			<property name="$repositoryId" type="string"
				output-name="parentCategory.repositoryId" suppress="false" />
			<property name="displayName" type="string"
				output-name="parentCategory.displayName" suppress="false" />	
		</properties>
	</item>
	
</item>