<?xml version="1.0" encoding="UTF-8"?>
<!DOCTYPE item PUBLIC "-//Art Technology Group, Inc.//DTD Repository Ouput Specifier 1.0//EN" "http://www.atg.com/dtds/search/indexing-dependency-schema.dtd">
<item item-descriptor-name="category" is-document="true">
	<title property-name="displayName" />
	<properties>
		<property name="$repositoryId" is-dimension="false" type="string" />
		<property name="$docId" type="string" output-name="record.spec" />
		<property name="$url" type="string" />
		<property name="$itemDescriptor.itemDescriptorName"
			is-dimension="true" type="string" filter="unique" />
		<property name="$baseUrl" is-dimension="false" type="string" />
		<property name="$siteId" is-dimension="true" type="string"
			output-name="product.siteId" />
		<property name="$repository.repositoryName" />
		<property name="displayName" type="string" output-name="DisplayName" />
	</properties>
	
	<item property-name="fixedParentCategories">
		<properties>
			<property name="id" output-name="ParentCategoryName" />
		</properties>
	</item>
</item>