<?xml version="1.0" encoding="UTF-8"?>
	<!DOCTYPE item PUBLIC "-//Art Technology Group, Inc.//DTD Repository Ouput Specifier 1.0//EN" "http://www.atg.com/dtds/search/indexing-dependency-schema.dtd">
<item item-descriptor-name="product" is-document="true">
	<title property-name="displayName"/>
	<properties>
		<property name="startDate" type="date"/>
		<property name="language" type="string" output-name="Endeca.Document.Language" property-accessor="/atg/endeca/index/commerce/AgilentLanguageNameAccessor" is-non-repository-property="true"/>
		<property name="$repositoryId" is-dimension="false" type="string" text-searchable="true"/>
		<property name="keywords" filter="" text-searchable="true"/>
		<property name="description" type="string" output-name="Description" property-accessor="languagePropertyAccessor" filter="html" text-searchable="true"/>
		<property name="longDescription" type="string" output-name="LongDescription" filter="html" property-accessor="languagePropertyAccessor" text-searchable="true"/>
		<property name="search_description" type="string" output-name="search_description" property-accessor="LSCADescriptionAccessor" is-non-repository-property="true" filter="html" text-searchable="true"/>
		<property name="isObsolete" type="boolean" output-name="isObsolete" property-accessor="LSCAObsoletePartAccessor" is-non-repository-property="true" text-searchable="true"/>
		<property name="displayName" type="string" property-accessor="languagePropertyAccessor" text-searchable="true" output-name="DisplayName"/>
		<property name="$docId" type="string" output-name="record.spec"/>
		<property name="$url" type="string"/>
		<property name="$itemDescriptor.itemDescriptorName" is-dimension="true" type="string" filter="unique"/>
		<property name="$baseUrl" is-dimension="false" type="string"/>
		<property name="$repository.repositoryName"/>
	</properties>
	<!-- childSKUs -->
	<item is-multi="true" property-name="childSKUs">
		<properties>
			<property name="moreInfoURL" type="string" filter="unique" output-name="MoreInformationURL"/>
			<property name="productImageURL" type="string" filter="unique" output-name="Image_filename"/>
			<property name="unitDefault" type="string" filter="unique" output-name="Package_Quantity"/>
			<property name="specificationSheetID" type="string" filter="unique" output-name="SDS_Document_ID"/>
			<property name="safetyDataSheetID" type="string" filter="unique" output-name="WCC_Document_ID"/>
			<property name="productLine" type="string" filter="unique" output-name="Product_Line"/>
		</properties>
		<item property-name="replacementPartNumber" is-multi="true">
			<properties>
				<property name="catalogId" type="string"/>
			</properties>
		</item>
		<item property-name="countryEntitlementData" is-multi="true">
			<properties>
				<property name="exclEntitlement" type="string"/>
			</properties>
		</item>
	</item>
</item>