<?xml version="1.0" encoding="UTF-8"?>
<!DOCTYPE item PUBLIC "-//Art Technology Group, Inc.//DTD Repository Ouput Specifier 1.0//EN" "http://www.atg.com/dtds/search/indexing-dependency-schema.dtd">
<item item-descriptor-name="manuals" is-document="true">
	<properties>
		<property name="$repositoryId" is-dimension="false" type="string" />
		<property name="$docId" type="string" output-name="record.spec" />
		<property name="$url" type="string" />
		<property name="$itemDescriptor.itemDescriptorName" type="string"
			filter="unique" />
		<property name="$baseUrl" is-dimension="false" type="string" output-name="baseUrl" />
		<property name="manualTitle" type="string" output-name="manualTitle" />
		<property name="componentPartNum" type="string" output-name="componentPartNum" />
		<property name="pdfRevision" type="string" output-name="pdfRevision" />
		<property name="sourceFileLocation" type="string" output-name="sourceFileLocation" />
		<property name="manualFile" type="string" output-name="manualFile" />
		<property name="createdBy" type="string" output-name="createdBy" />
		<property name="createdDate" type="date" output-name="createdDate" />
		<property name="modifiedDate" type="date" output-name="modifiedDate" />
		<property name="modifiedBy" type="string" output-name="modifiedBy" />
		<property name="caching" type="boolean" output-name="caching" />
		<property name="manualUrl" type="string" output-name="manualUrl" />
		<property name="endDate" type="date" output-name="endDate" />
		<property name="type" type="string" output-name="Content_Type"
			is-non-repository-property="true" default-value="Library"
			property-accessor="null" />
		<property name="dimension-library" type="string" output-name="Library"
			is-non-repository-property="true" default-value="manuals" is-dimension="true"
			property-accessor="null" />
		<property name="language" type="string" output-name="Endeca.Document.Language"
			is-dimension="true" property-accessor="/atg/endeca/index/commerce/AgilentLanguageNameAccessor"
			is-non-repository-property="true" />
	</properties>
</item>