<?xml version="1.0" encoding="UTF-8"?>
<!DOCTYPE item PUBLIC "-//Art Technology Group, Inc.//DTD Repository Ouput Specifier 1.0//EN" "http://www.atg.com/dtds/search/indexing-dependency-schema.dtd">
<item item-descriptor-name="newsItems" is-document="true">
	<properties>
		<property name="$repositoryId" is-dimension="false" type="string" />
		<property name="$docId" type="string" output-name="record.spec" />
		<property name="$url" type="string" />
		<property name="$itemDescriptor.itemDescriptorName" type="string"
			filter="unique" />
		<property name="$baseUrl" is-dimension="false" type="string" output-name="baseUrl"/>
		<property name="id" type="string" output-name="product.id" />
		<property name="title" type="string" output-name="product.displayName"
			property-accessor="languagePropertyAccessor" />
		<property name="contents" type="string" output-name="product.description"
			property-accessor="languagePropertyAccessor" filter="html" />
		<property name="type" type="string" output-name="Content_Type"
			is-non-repository-property="true" default-value="Library"
			property-accessor="null" />
		<property name="newsItemCategory" type="string"
			property-accessor="languagePropertyAccessor" output-name="newsItemCategory" />
		<property name="imageURL" type="string" />
		<property name="isLiveItem" type="boolean" output-name="isLiveItem" />
		<property name="dimension-library" type="string" output-name="Library"
			is-non-repository-property="true" default-value="newsItems"
			is-dimension="true" property-accessor="null" />
		<property name="language" type="string" output-name="Endeca.Document.Language"
			is-dimension="true" property-accessor="/atg/endeca/index/commerce/AgilentLanguageNameAccessor"
			is-non-repository-property="true" />
	</properties>
	<item property-name="newsProducts">
		<properties>
			<property name="displayName" property-accessor="languagePropertyAccessor"
				output-name="newsProducts.title" filter="html" text-searchable="true" />
			<property name="description" property-accessor="languagePropertyAccessor"
				output-name="newsProducts.description" filter="html" text-searchable="true" />
		</properties>
	</item>
	<item property-name="newsCategories">
		<properties>
			<property name="displayName" property-accessor="languagePropertyAccessor"
				output-name="newsCategories.title" filter="html" text-searchable="true" />
			<property name="description" property-accessor="languagePropertyAccessor"
				output-name="newsCategories.description" filter="html" text-searchable="true" />
		</properties>
	</item>
</item>