<?xml version="1.0" encoding="UTF-8"?>
<!DOCTYPE item PUBLIC "-//Art Technology Group, Inc.//DTD Repository Ouput Specifier 1.0//EN" "http://www.atg.com/dtds/search/indexing-dependency-schema.dtd">
<item item-descriptor-name="seminars" is-document="true">
	<properties>
		<property name="$repositoryId" is-dimension="false" type="string" />
		<property name="$docId" type="string" output-name="record.spec" />
		<property name="$url" type="string" />
		<property name="$itemDescriptor.itemDescriptorName" type="string"
			filter="unique" />
		<property name="$baseUrl" is-dimension="false" type="string" output-name="baseUrl" />
		<property name="title" type="string" output-name="product.displayName" filter="html" />
		<property name="description" type="string" output-name="product.description"
			filter="html" />
		<property name="zpreregText" type="string" output-name="zpreregText" />
		<property name="titleText" type="string" output-name="titleText" />
		<property name="imageUrl" type="string" output-name="imageUrl" />
		<property name="id" type="string" output-name="product.id" />
		<property name="zprereg" type="boolean" output-name="zprereg" />
		<property name="zprereg_q" type="string" output-name="zprereg_q" />
		<property name="seminarGroupId" type="integer" output-name="seminarGroupId" />
		<property name="zmaxRegistrants" type="integer" output-name="zmaxRegistrants" />
		<property name="zfeaturedSeminar" type="boolean" output-name="zfeaturedSeminar" />
		<property name="fileName" type="string" output-name="fileName" />
		<property name="fileLocation" type="string" output-name="fileLocation" />
		<property name="createDate" type="date" output-name="createDate" />
		<property name="createdBy" type="string" output-name="createdBy" />
		<property name="lastUpdateDate" type="date" output-name="lastUpdateDate" />
		<property name="updatedBy" type="string" output-name="updatedBy" />
		<property name="loginRequired" type="boolean" output-name="loginRequired" />
		<property name="active" type="boolean" output-name="active" />
		<property name="sortOrder" type="integer" output-name="sortOrder" />
		<property name="scheduled" type="boolean" output-name="scheduled" />
		<property name="displayOrder" type="integer" output-name="displayOrder" />
		<property name="endDate" type="date" output-name="endDate" />
		<property name="type" type="string" output-name="Content_Type"
			is-non-repository-property="true" default-value="Library"
			property-accessor="null" />
		<property name="dimension-library" type="string" output-name="Library"
			is-non-repository-property="true" default-value="seminars"
			is-dimension="true" property-accessor="null" />
		<property name="language" type="string" output-name="Endeca.Document.Language"
			is-dimension="true" property-accessor="/atg/endeca/index/commerce/AgilentLanguageNameAccessor"
			is-non-repository-property="true" />
	</properties>
</item>