<?xml version="1.0" encoding="UTF-8"?>
<!DOCTYPE item PUBLIC "-//Art Technology Group, Inc.//DTD Repository Ouput Specifier 1.0//EN" "http://www.atg.com/dtds/search/indexing-dependency-schema.dtd">
<item item-descriptor-name="shows" is-document="true">
	<properties>
		<property name="$repositoryId" is-dimension="false" type="string" />
		<property name="$docId" type="string" output-name="record.spec" />
		<property name="$url" type="string" />
		<property name="$itemDescriptor.itemDescriptorName" type="string"
			filter="unique" />
		<property name="$baseUrl" is-dimension="false" type="string" output-name="baseUrl" />
		<property name="showName" type="string" output-name="product.displayName" />
		<property name="showUrl" type="string" output-name="showUrl" />
		<property name="featureImageUrl" type="string" output-name="featureImageUrl" />
		<property name="metaKeywords" type="string" output-name="metaKeywords" />
		<property name="metaDescription" type="string" filter="html" output-name="metaDescription" />
		<property name="bodyText" type="string" output-name="bodyText" />
		<property name="scriptText" type="string" output-name="scriptText" />
		<property name="featuredEventUrl" type="string" output-name="featuredEventUrl" />
		<property name="imageUrl" type="string" output-name="imageUrl" />
		<property name="id" type="string" output-name="id" />
		<property name="startDate" type="date" output-name="startDate" />
		<property name="endDate" type="date" output-name="endDate" />
		<property name="location" type="string" output-name="location" />
		<property name="venue" type="string" output-name="venue" />
		<property name="boothNum" type="string" output-name="boothNum" />
		<property name="specialEvents" type="string" output-name="specialEvents" />
		<property name="published" type="boolean" output-name="published" />
		<property name="featuredEvent" type="boolean" output-name="featuredEvent" />
		<property name="impressions" type="integer" output-name="impressions" />
		<property name="cachedImage" type="boolean" output-name="cachedImage" />
		<property name="eventType" type="string" output-name="eventType" />
		<property name="eventTypeImg" type="string" output-name="eventTypeImg" />
		<property name="displayModeId" type="integer" output-name="displayModeId" />
		<property name="cachedEventTypeImg" type="boolean" output-name="cachedEventTypeImg" />
		<property name="rawHtml" type="string" output-name="rawHtml" />
		<property name="type" type="string" output-name="Content_Type"
			is-non-repository-property="true" default-value="Library"
			property-accessor="null" />
		<property name="dimension-library" type="string" output-name="Library"
			is-non-repository-property="true" default-value="shows" is-dimension="true"
			property-accessor="null" />
		<property name="language" type="string" output-name="Endeca.Document.Language"
			is-dimension="true" property-accessor="/atg/endeca/index/commerce/AgilentLanguageNameAccessor"
			is-non-repository-property="true" />
	</properties>
	<item property-name="showsProducts">
		<properties>
			<property name="displayName" property-accessor="languagePropertyAccessor"
				output-name="showsProducts.title" filter="html" text-searchable="true" />
			<property name="description" property-accessor="languagePropertyAccessor"
				output-name="showsProducts.description" filter="html"
				text-searchable="true" />
		</properties>
	</item>
	<item property-name="showsCategories">
		<properties>
			<property name="displayName" property-accessor="languagePropertyAccessor"
				output-name="showsCategories.title" filter="html" text-searchable="true" />
			<property name="description" property-accessor="languagePropertyAccessor"
				output-name="showsCategories.description" filter="html"
				text-searchable="true" />
		</properties>
	</item>
</item>