<?xml version="1.0" encoding="UTF-8"?>
<!DOCTYPE item PUBLIC "-//Art Technology Group, Inc.//DTD Repository Ouput Specifier 1.0//EN" "http://www.atg.com/dtds/search/indexing-dependency-schema.dtd">
<item item-descriptor-name="vector" is-document="true">
	<properties>
		<property name="$repositoryId" is-dimension="false" type="string" />
		<property name="$docId" type="string" output-name="record.spec" />
		<property name="$url" type="string" />
		<property name="$itemDescriptor.itemDescriptorName" type="string"
			filter="unique" />
		<property name="$baseUrl" is-dimension="false" type="string" />
		<property name="id" type="string" output-name="product.id" />
		<property name="vectorTitleDefault" type="string"
			output-name="product.displayName" property-accessor="languagePropertyAccessor"
			text-searchable="true" />
		<property name="language" type="string" output-name="Endeca.Document.Language"
			is-dimension="true" property-accessor="/atg/endeca/index/commerce/AgilentLanguageNameAccessor"
			is-non-repository-property="true" />
		<property name="dimension-library" type="string" output-name="Library"
			is-non-repository-property="true" default-value="vector"
			is-dimension="true" property-accessor="null" />
	</properties>
</item>