<?xml version="1.0" encoding="UTF-8"?>
<!DOCTYPE item PUBLIC "-//Art Technology Group, Inc.//DTD Repository Ouput Specifier 1.0//EN" "http://www.atg.com/dtds/search/indexing-dependency-schema.dtd">
<item item-descriptor-name="videos" is-document="true">
	<properties>
		<property name="$repositoryId" is-dimension="false" type="string" />
		<property name="$docId" type="string" output-name="record.spec" />
		<property name="$url" type="string" />
		<property name="$itemDescriptor.itemDescriptorName" type="string"
			filter="unique" />
		<property name="$baseUrl" is-dimension="false" type="string" output-name="baseUrl" />
		<property name="title" type="string" output-name="product.displayName" />
		<property name="videoURL" type="string" output-name="videoURL" />
		<property name="description" type="string" output-name="product.description"
			filter="html" />
		<property name="id" type="string" output-name="id" />
		<property name="isLiveItem" type="boolean" output-name="isLiveItem" />
		<property name="dateAdded" type="date" output-name="dateAdded" />
		<property name="endDate" type="date" output-name="endDate" />
		<property name="type" type="string" output-name="Content_Type"
			is-non-repository-property="true" default-value="Library"
			property-accessor="null" />
		<property name="dimension-library" type="string" output-name="Library"
			is-non-repository-property="true" default-value="videos"
			is-dimension="true" property-accessor="null" />
		<property name="language" type="string" output-name="Endeca.Document.Language"
			is-dimension="true" property-accessor="/atg/endeca/index/commerce/AgilentLanguageNameAccessor"
			is-non-repository-property="true" />
	</properties>
	<item property-name="associatedProducts">
		<properties>
			<property name="displayName" property-accessor="languagePropertyAccessor"
				output-name="associatedProducts.title" filter="html"
				text-searchable="true" />
			<property name="description" property-accessor="languagePropertyAccessor"
				output-name="associatedProducts.description" filter="html"
				text-searchable="true" />
		</properties>
	</item>
	<item property-name="associatedCategories">
		<properties>
			<property name="displayName" property-accessor="languagePropertyAccessor"
				output-name="associatedCategories.title" filter="html"
				text-searchable="true" />
			<property name="description" property-accessor="languagePropertyAccessor"
				output-name="associatedCategories.description" filter="html"
				text-searchable="true" />
		</properties>
	</item>
</item>