<?xml version="1.0" encoding="UTF-8" ?>
<actor-template default-chain-id="RegisterProfileInfo"
	xsi:noNamespaceSchemaLocation="http://www.atg.com/xsds/actorChain_1.0.xsd"
	xmlns:xsi="http://www.w3.org/2001/XMLSchema-instance">
	<actor-chain id="RegisterProfileInfo" transaction="TX_SUPPORTS">
		<form id="AgilentProfileFormHandler"
			name="/com/agilent/commonstore/commerce/formhandlers/CommonB2CProfileFormHandler"
			handle="RegisterProfileInfo" var="AgilentProfileFormHandler" use-forwards="true" requires-session-confirmation="true">
			<input name="value.adLoginName" value="${objectParam.registration_info.adLoginName}"/>
			<input name="value.password" value="${objectParam.registration_info.password}"/>
			<input name="value.CONFIRMPASSWORD" value="${objectParam.registration_info.confirmPassword}"/>
			<input name="value.email" value="${objectParam.registration_info.email}"/>
			<input name="value.login" value="${objectParam.registration_info.login}"/>
			<input name="LscaStoreSiteId" value="${objectParam.registration_info.LscaStoreSiteId}"/>
			<input name="value.firstName" value="${objectParam.registration_info.firstName}" />
			<input name="value.lastName" value="${objectParam.registration_info.lastName}" />
			<input name="value.middleName" value="${objectParam.registration_info.middleName}"/>
			<input name="value.shippingAddress.phoneNumber" value="${objectParam.registration_info.shippingAddress.phoneNumber}"/>
			<input name="value.shippingAddress.companyName" value="${objectParam.registration_info.shippingAddress.companyName}"/>
			<input name="value.shippingAddress.extension" value="${objectParam.registration_info.shippingAddress.extension}"/>
			<input name="value.shippingAddress.address1" value="${objectParam.registration_info.shippingAddress.address1}"/>
			<input name="value.shippingAddress.address2" value="${objectParam.registration_info.shippingAddress.address2}"/>
			<input name="value.shippingAddress.city" value="${objectParam.registration_info.shippingAddress.city}"/>
			<input name="value.shippingAddress.postalCode" value="${objectParam.registration_info.shippingAddress.postalCode}"/>
			<input name="value.shippingAddress.country" value="${objectParam.registration_info.shippingAddress.country}"/>
			<input name="value.shippingAddress.state" value="${objectParam.registration_info.shippingAddress.state}"/>
			<input name="value.billingAddress.address1" value="${objectParam.registration_info.billingAddress.address1}"/>
			<input name="value.billingAddress.address2" value="${objectParam.registration_info.billingAddress.address2}"/>
			<input name="value.billingAddress.city" value="${objectParam.registration_info.billingAddress.city}"/>
			<input name="value.billingAddress.postalCode" value="${objectParam.registration_info.billingAddress.postalCode}"/>
			<input name="value.billingAddress.country" value="${objectParam.registration_info.billingAddress.country}"/>
			<input name="value.billingAddress.state" value="${objectParam.registration_info.billingAddress.state}"/>
			<input name="createErrorURL" value="/rest/model/com/agilent/profile/okta/rest/OktaUserService/RegisterProfileInfo-error"/>
            <input name="createSuccessURL" value="/rest/model/com/agilent/profile/okta/rest/OktaUserService/RegisterProfileInfo-success"/>

		</form>
	</actor-chain>
	<actor-chain id="RegisterProfileInfo-error" transaction="TX_SUPPORTS">
    <actor id="error" chain-id="error" name="/com/agilent/profile/okta/rest/OktaUserService" return-model-var="model">
      <output id="model" value="${model}" add-map-children="true"/>
    </actor>
  </actor-chain>
  <actor-chain id="RegisterProfileInfo-success" transaction="TX_SUPPORTS">
  <output id="Sucesss" name="successMsg" value="Successfuly created"/>
  </actor-chain>

  <actor-chain id="error" transaction="TX_SUPPORTS">
    <component id="profileFormHandler-error" name="/com/agilent/commonstore/commerce/formhandlers/CommonB2CProfileFormHandler" invoke-method-requires-session-confirmation="true" component-var="CommonB2CProfileFormHandler" set-property-requires-session-confirmation="true">
      <output id="formError" name="formError" value="${CommonB2CProfileFormHandler.formError}"/>
      <output id="formExceptions" name="formExceptions" value="${CommonB2CProfileFormHandler.formExceptions}"/>
    </component>
  </actor-chain>
  
  <actor-chain id="addUser" transaction="TX_SUPPORTS">
  	<component id="addUser" name="/com/agilent/profile/okta/rest/services/AgilentOKTAUserService" method="addUser" method-return-var="oktaUserResponse">			 
		<output name="oktaUserResponse" id="oktaUserResponse" value="${oktaUserResponse}"/>
	</component>					
  </actor-chain>	
  
  <actor-chain id="createUserWithLimitedAttributes" transaction="TX_SUPPORTS">
  	<component id="createUserWithLimitedAttributes" name="/com/agilent/profile/okta/rest/services/AgilentOKTAUserService" method="createUserWithLimitedAttributes" method-return-var="oktaUserResponse">			 
		<output name="oktaUserResponse" id="oktaUserResponse" value="${oktaUserResponse}"/>
	</component>					
  </actor-chain>
  
  <actor-chain id="updateUser" transaction="TX_SUPPORTS">
  	<component id="updateUser" name="/com/agilent/profile/okta/rest/services/AgilentOKTAUserService" method="updateUser" method-return-var="oktaUserResponse">			 
		<output name="oktaUserResponse" id="oktaUserResponse" value="${oktaUserResponse}"/>
	</component>					
  </actor-chain>
  
  <actor-chain id="deleteUser" transaction="TX_SUPPORTS">
  	<component id="deleteUser" name="/com/agilent/profile/okta/rest/services/AgilentOKTAUserService" method="deleteUser" method-return-var="oktaUserResponse">			 
		<output name="oktaUserResponse" id="oktaUserResponse" value="${oktaUserResponse}"/>
	</component>					
  </actor-chain>
  
  <actor-chain id="findLoginFromEmail" transaction="TX_SUPPORTS">
  	<component id="findLoginFromEmail" name="/com/agilent/profile/okta/rest/services/AgilentOKTAUserService" method="findLoginIdFromEmail" method-return-var="userInfoBean">			 
		<output name="userInfoBean" id="userInfoBean" value="${userInfoBean}"/>
	</component>
  </actor-chain>
  
  <actor-chain id="findUserFromID" transaction="TX_SUPPORTS">
  	<component id="findUserFromID" name="/com/agilent/profile/okta/rest/services/AgilentOKTAUserService" method="findUserFromID" method-return-var="userInfoBean">			 
		<output name="userInfoBean" id="userInfoBean" value="${userInfoBean}"/>
	</component>
  </actor-chain>
  
    <actor-chain id="findUserFromLoginOrEmail" transaction="TX_SUPPORTS">
  	<component id="findUserFromLoginOrEmail" name="/com/agilent/profile/okta/rest/services/AgilentOKTAUserService" method="findUserFromLoginOrEmail" method-return-var="userInfoBean">			 
		<output name="userInfoBean" id="userInfoBean" value="${userInfoBean}"/>
	</component>
  </actor-chain>
  
    <actor-chain id="deActivateUser" transaction="TX_SUPPORTS">
  	<component id="deActivateUser" name="/com/agilent/profile/okta/rest/services/AgilentOKTAUserService" method="deActivateUser" method-return-var="oktaUserResponse">			 
		<output name="oktaUserResponse" id="oktaUserResponse" value="${oktaUserResponse}"/>
	</component>					
  </actor-chain>
</actor-template>
