<?xml version="1.0" encoding="ISO-8859-1" ?>

<!DOCTYPE browse-hierarchy
  PUBLIC "-//Art Technology Group, Inc.//DTD Asset Manager Browse Hierarchy//EN"
  'http://www.atg.com/dtds/browse-hierarchy/browse-hierarchy_1.0.dtd'>

<browse-hierarchy xml-combine="append">

	<browse-item id="home" xml-combine="append">
		<browse-item reference-id="genomicsContent" />
		<browse-item reference-id="LSCAcontent" />
		<browse-item reference-id="sureVectorContent" />
	</browse-item>
	
	<browse-item id="genomicsContent" label="Genomics Content"
		is-root="true" icon-resource="node.stackingRules.iconSmall" >
		<browse-item reference-id="contentRepository" />
		<browse-item reference-id="storeTextRepository" />
		<browse-item reference-id="supportingRepository" />
		<browse-item reference-id="hybridization" />
		<browse-item reference-id="probes" />
		<browse-item reference-id="genes" />
		<browse-item reference-id="cytoBands" />
		<browse-item reference-id="itemsColor" />
		<browse-item reference-id="probeMap" />
	</browse-item>
	
	
	<browse-item id="LSCAcontent" label="LSCA Admin Tools"
		is-root="true" icon-resource="node.stackingRules.iconSmall" >
		<browse-item reference-id="punchoutHomePage" />
		<browse-item reference-id="promoImages" />
		<browse-item reference-id="advertisement" />
		<browse-item reference-id="URL404Redirection" />
		<browse-item reference-id="userProfile" />
		<browse-item reference-id="emailContent" />
		<browse-item reference-id="categoryMapping" />
		<browse-item reference-id="ProductEntitlement" />
		
	</browse-item>
	
	<browse-item id="sureVectorContent" label="Sure Vector Content"
		is-root="true" icon-resource="node.stackingRules.iconSmall" >
		<browse-item reference-id="vectorFragments" />
		<browse-item reference-id="vectorFragmentOption" />
		<browse-item reference-id="childOption" />
	</browse-item>
	
	<browse-item id="vectorFragments" label="Vector Fragments" 
		icon-resource="node.stackingRules.iconSmall" show-count="true">
		<list-definition id="allVectorFragments" retriever="query"
			child-type="/atg/epub/SecureSureVectorRepository:vectorFragment" allow-drilldown="false">
			<retriever-parameter name="query" value="ALL" />
		</list-definition>
	</browse-item>
	
	<browse-item id="vectorFragmentOption" label="Vector Options" 
		icon-resource="node.stackingRules.iconSmall" show-count="true">
		<list-definition id="allVectorFragmentOption" retriever="query"
			child-type="/atg/epub/SecureSureVectorRepository:vectorFragmentOption" allow-drilldown="false">
			<retriever-parameter name="query" value="ALL" />
		</list-definition>
	</browse-item>
	
	<browse-item id="childOption" label="Child Options" 
		icon-resource="node.stackingRules.iconSmall" show-count="true">
		<list-definition id="allChildOption" retriever="query"
			child-type="/atg/epub/SecureSureVectorRepository:vectorFragmentChildOption" allow-drilldown="false">
			<retriever-parameter name="query" value="ALL" />
		</list-definition>
	</browse-item>
	
	
	<browse-item id="punchoutHomePage" label="punchout Home Page" 
	icon-resource="node.stackingRules.iconSmall" show-count="true">
	<list-definition id="allpunchoutHomePage" retriever="query"
		child-type="/com/agilent/content/ContentRepository:punchoutHomePage" allow-drilldown="false">
		<retriever-parameter name="query" value="ALL" />
	</list-definition>
	</browse-item>
	<browse-item id="promoImages" label="LSCA Promo Images" 
	icon-resource="node.stackingRules.iconSmall" show-count="true">
	<list-definition id="allpromoImages" retriever="query"
		child-type="/com/agilent/content/ContentRepository:promoImages" allow-drilldown="false">
		<retriever-parameter name="query" value="ALL" />
	</list-definition>
	</browse-item>

	
	<browse-item id="userProfile" label="User Profile" 
	icon-resource="node.stackingRules.iconSmall" show-count="true">
	<list-definition id="alluserProfile" retriever="query"
		child-type="/atg/userprofiling/ProfileAdapterRepository:user" allow-drilldown="false">
		<retriever-parameter name="query" value="ALL" />
	</list-definition>
	</browse-item>
	<browse-item id="emailContent" label="Email Content" 
	icon-resource="node.stackingRules.iconSmall" show-count="true">
	<list-definition id="allemailContent" retriever="query"
		child-type="/atg/multisite/SiteRepository:emailContent" allow-drilldown="false">
		<retriever-parameter name="query" value="ALL" />
	</list-definition>
	</browse-item>
		<browse-item id="categoryMapping" label="Category Mapping" 
	icon-resource="node.stackingRules.iconSmall" show-count="true">
	<list-definition id="categoryMappingContent" retriever="query"
		child-type="/com/agilent/content/ContentRepository:browseProducts" allow-drilldown="false">
		<retriever-parameter name="query" value="ALL" />
	</list-definition>
	</browse-item>
	<browse-item id="ProductEntitlement" label="Product Entitlement" 
	icon-resource="node.stackingRules.iconSmall" show-count="true">
	<list-definition id="ProductEntitlementContent" retriever="query"
		child-type="/atg/multisite/SiteRepository:ProductEntitlement" allow-drilldown="false">
		<retriever-parameter name="query" value="ALL" />
	</list-definition>
	</browse-item>
	
	

	<browse-item id="contentRepository" label="Content Repository (Admin Tools)"
		is-root="true" icon-resource="node.stackingRules.iconSmall" >
		<browse-item reference-id="newsItems" />
		<browse-item reference-id="vectorGroup" />
		<browse-item reference-id="vector" />
		<browse-item reference-id="MXDownload" />
		<browse-item reference-id="seminars" />	
		<browse-item reference-id="distributor" />
		<browse-item reference-id="shows" />
		<browse-item reference-id="ezaccessPrograms" />
		<browse-item reference-id="ezaccessFiles" />
		<browse-item reference-id="genericPages" />
		<browse-item reference-id="exportLibrary" />
		<browse-item reference-id="faq" />
		<browse-item reference-id="manuals" />
		<browse-item reference-id="application" />
		<browse-item reference-id="URL404Redirection" />
		<browse-item reference-id="campaign" />
		<browse-item reference-id="advertisement" />
		<browse-item reference-id="videos" />
		<browse-item reference-id="dakoCountry" />		
	</browse-item>
	
	<browse-item id="storeTextRepository" label="Store Text Repository"
		is-root="true" icon-resource="node.stackingRules.iconSmall" >
		<browse-item reference-id="storeText" />
		<browse-item reference-id="storeShortText" />
		<browse-item reference-id="storeLongText" />
		<browse-item reference-id="storeTextList" />
	</browse-item>
	
	<browse-item id="supportingRepository" label="Supporting Repository"
		is-root="true" icon-resource="node.stackingRules.iconSmall" >		
		<browse-item reference-id="countryContacts" />
		<browse-item reference-id="regions" />
		<browse-item reference-id="countries" />
		<browse-item reference-id="SiteShipPayOption" />
		<browse-item reference-id="salesReps" />
		<browse-item reference-id="MXDownloadHits" />
		<browse-item reference-id="officeDetails" />
		<browse-item reference-id="contactsEmailRecipients" />
		<browse-item reference-id="salesregions" />
		<browse-item reference-id="deliveryOptionsMaster" />
		<browse-item reference-id="EuCookieNoticedata" />				
	</browse-item>
	
	<browse-item id="storeText" label="Store Text" 
		icon-resource="node.stackingRules.iconSmall" show-count="true">
		<list-definition id="allStoreText" retriever="query"
			child-type="/com/agilent/content/StoreTextRepository:storeText" allow-drilldown="false">
			<retriever-parameter name="query" value="ALL" />
		</list-definition>
	</browse-item>
	
	<browse-item id="storeShortText" label="Store Short Text" 
		icon-resource="node.stackingRules.iconSmall" show-count="true">
		<list-definition id="allStoreShortText" retriever="query"
			child-type="/com/agilent/content/StoreTextRepository:storeShortText" allow-drilldown="false">
			<retriever-parameter name="query" value="ALL" />
		</list-definition>
	</browse-item>
	
	<browse-item id="storeLongText" label="Store Long Text" 
		icon-resource="node.stackingRules.iconSmall" show-count="true">
		<list-definition id="allStoreLongText" retriever="query"
			child-type="/com/agilent/content/StoreTextRepository:storeLongText" allow-drilldown="false">
			<retriever-parameter name="query" value="ALL" />
		</list-definition>
	</browse-item>
	
	<browse-item id="storeTextList" label="Store Text List" 
		icon-resource="node.stackingRules.iconSmall" show-count="true">
		<list-definition id="allStoreTextList" retriever="query"
			child-type="/com/agilent/content/StoreTextRepository:storeTextList" allow-drilldown="false">
			<retriever-parameter name="query" value="ALL" />
		</list-definition>
	</browse-item>	

	<browse-item id="newsItems" label="News Items" 
		icon-resource="node.stackingRules.iconSmall" show-count="true">
		<list-definition id="allnewsItems" retriever="query"
			child-type="/com/agilent/content/ContentRepository:newsItems" allow-drilldown="false">
			<retriever-parameter name="query" value="ALL" />
		</list-definition>
	</browse-item>
	
	<browse-item id="vectorGroup" label="Vector Group" 
		icon-resource="node.stackingRules.iconSmall" show-count="true">
		<list-definition id="allVectorGroup" retriever="query"
			child-type="/com/agilent/content/ContentRepository:vectorGroup" allow-drilldown="false">
			<retriever-parameter name="query" value="ALL" />
		</list-definition>
	</browse-item>
	
	<browse-item id="vector" label="Vector" 
		icon-resource="node.stackingRules.iconSmall" show-count="true">
		<list-definition id="allVector" retriever="query"
			child-type="/com/agilent/content/ContentRepository:vector" allow-drilldown="false">
			<retriever-parameter name="query" value="ALL" />
		</list-definition>
	</browse-item>
	
	<browse-item id="MXDownload" label="MXDownload" 
		icon-resource="node.stackingRules.iconSmall" show-count="true">
		<list-definition id="allMXDownload" retriever="query"
			child-type="/com/agilent/content/ContentRepository:MXDownload" allow-drilldown="false">
			<retriever-parameter name="query" value="ALL" />
		</list-definition>
	</browse-item>

	<browse-item id="seminars" label="Seminars" 
		icon-resource="node.stackingRules.iconSmall" show-count="true">
		<list-definition id="allSeminars" retriever="query"
			child-type="/com/agilent/content/ContentRepository:seminars" allow-drilldown="false">
			<retriever-parameter name="query" value="ALL" />
		</list-definition>
	</browse-item>
	
	<browse-item id="distributor" label="Distributor" 
		icon-resource="node.stackingRules.iconSmall" show-count="true">
		<list-definition id="allDistributor" retriever="query"
			child-type="/com/agilent/content/ContentRepository:distributor" allow-drilldown="false">
			<retriever-parameter name="query" value="ALL" />
		</list-definition>
	</browse-item>
	
	<browse-item id="shows" label="Shows" 
		icon-resource="node.stackingRules.iconSmall" show-count="true">
		<list-definition id="allShows" retriever="query"
			child-type="/com/agilent/content/ContentRepository:shows" allow-drilldown="false">
			<retriever-parameter name="query" value="ALL" />
		</list-definition>
	</browse-item>
	
	<browse-item id="ezaccessPrograms" label="EZAccess Programs" 
		icon-resource="node.stackingRules.iconSmall" show-count="true">
		<list-definition id="allEZAccessPrograms" retriever="query"
			child-type="/com/agilent/content/ContentRepository:ezaccessPrograms" allow-drilldown="false">
			<retriever-parameter name="query" value="ALL" />
		</list-definition>
	</browse-item>
	
	<browse-item id="ezaccessFiles" label="EZAccess Files" 
		icon-resource="node.stackingRules.iconSmall" show-count="true">
		<list-definition id="allEZAccessFiles" retriever="query"
			child-type="/com/agilent/content/ContentRepository:ezaccessFiles" allow-drilldown="false">
			<retriever-parameter name="query" value="ALL" />
		</list-definition>
	</browse-item>
	
	<browse-item id="genericPages" label="Generic Pages" 
		icon-resource="node.stackingRules.iconSmall" show-count="true">
		<list-definition id="allGenericPages" retriever="query"
			child-type="/com/agilent/content/ContentRepository:genericPages" allow-drilldown="false">
			<retriever-parameter name="query" value="ALL" />
		</list-definition>
	</browse-item>
	
	<browse-item id="exportLibrary" label="Export Library" 
		icon-resource="node.stackingRules.iconSmall" show-count="true">
		<list-definition id="allExportLibrary" retriever="query"
			child-type="/com/agilent/content/ContentRepository:exportLibrary" allow-drilldown="false">
			<retriever-parameter name="query" value="ALL" />
		</list-definition>
	</browse-item>
	
	<browse-item id="advertisement" label="Advertisement" 
		icon-resource="node.stackingRules.iconSmall" show-count="true">
		<list-definition id="allAdvertisement" retriever="query"
			child-type="/com/agilent/content/ContentRepository:advertisement" allow-drilldown="false">
			<retriever-parameter name="query" value="ALL" />
		</list-definition>
	</browse-item>
	
	<browse-item id="videos" label="Videos" 
		icon-resource="node.stackingRules.iconSmall" show-count="true">
		<list-definition id="allVideos" retriever="query"
			child-type="/com/agilent/content/ContentRepository:videos" allow-drilldown="false">
			<retriever-parameter name="query" value="ALL" />
		</list-definition>
	</browse-item>
	
	<browse-item id="dakoCountry" label="Dako Country" 
		icon-resource="node.stackingRules.iconSmall" show-count="true">
		<list-definition id="allDakoCountry" retriever="query"
			child-type="/com/agilent/content/ContentRepository:dakoCountry" allow-drilldown="false">
			<retriever-parameter name="query" value="ALL" />
		</list-definition>
	</browse-item>
	
	<browse-item id="faq" label="FAQ" 
		icon-resource="node.stackingRules.iconSmall" show-count="true">
		<list-definition id="allFAQ" retriever="query"
			child-type="/com/agilent/content/ContentRepository:faq" allow-drilldown="false">
			<retriever-parameter name="query" value="ALL" />
		</list-definition>
	</browse-item>
	
	<browse-item id="manuals" label="Manuals" 
		icon-resource="node.stackingRules.iconSmall" show-count="true">
		<list-definition id="allManuals" retriever="query"
			child-type="/com/agilent/content/ContentRepository:manuals" allow-drilldown="false">
			<retriever-parameter name="query" value="ALL" />
		</list-definition>
	</browse-item>
	
	<browse-item id="application" label="Application" 
		icon-resource="node.stackingRules.iconSmall" show-count="true">
		<list-definition id="allApplication" retriever="query"
			child-type="/com/agilent/content/ContentRepository:application" allow-drilldown="false">
			<retriever-parameter name="query" value="ALL" />
		</list-definition>
	</browse-item>
	
	<browse-item id="URL404Redirection" label="404 URL Redirection" 
		icon-resource="node.stackingRules.iconSmall" show-count="true">
		<list-definition id="all404URLRedirection" retriever="query"
			child-type="/com/agilent/content/ContentRepository:404URLRedirection" allow-drilldown="false">
			<retriever-parameter name="query" value="ALL" />
		</list-definition>
	</browse-item>
	
	<browse-item id="campaign" label="Campaign" 
		icon-resource="node.stackingRules.iconSmall" show-count="true">
		<list-definition id="allCampaign" retriever="query"
			child-type="/com/agilent/content/ContentRepository:campaign" allow-drilldown="false">
			<retriever-parameter name="query" value="ALL" />
		</list-definition>
	</browse-item>
	
	<browse-item id="hybridization" label="Hybridization" 
		icon-resource="node.stackingRules.iconSmall" show-count="true">
		<list-definition id="allHybridization" retriever="query"
			child-type="/atg/commerce/catalog/ProductCatalog:sureFishHybridization" allow-drilldown="false">
			<retriever-parameter name="query" value="ALL" />
		</list-definition>
	</browse-item>
	
	<browse-item id="probes" label="Probes" 
		icon-resource="node.stackingRules.iconSmall" show-count="true">
		<list-definition id="allProbes" retriever="query"
			child-type="/atg/commerce/catalog/ProductCatalog:childProbes" allow-drilldown="false">
			<retriever-parameter name="query" value="ALL" />
		</list-definition>
	</browse-item>
	
	<browse-item id="genes" label="Genes" 
		icon-resource="node.stackingRules.iconSmall" show-count="true">
		<list-definition id="allGenes" retriever="query"
			child-type="/atg/commerce/catalog/ProductCatalog:genes" allow-drilldown="false">
			<retriever-parameter name="query" value="ALL" />
		</list-definition>
	</browse-item>
	
	<browse-item id="cytoBands" label="CytoBands" 
		icon-resource="node.stackingRules.iconSmall" show-count="true">
		<list-definition id="allCytoBands" retriever="query"
			child-type="/atg/commerce/catalog/ProductCatalog:cytoBands" allow-drilldown="false">
			<retriever-parameter name="query" value="ALL" />
		</list-definition>
	</browse-item>
	
	<browse-item id="itemsColor" label="Items Color" 
		icon-resource="node.stackingRules.iconSmall" show-count="true">
		<list-definition id="allItemsColor" retriever="query"
			child-type="/atg/commerce/catalog/ProductCatalog:itemsColor" allow-drilldown="false">
			<retriever-parameter name="query" value="ALL" />
		</list-definition>
	</browse-item>
	
	<browse-item id="probeMap" label="Probe Map" 
		icon-resource="node.stackingRules.iconSmall" show-count="true">
		<list-definition id="allProbeMap" retriever="query"
			child-type="/atg/commerce/catalog/ProductCatalog:probeMap" allow-drilldown="false">
			<retriever-parameter name="query" value="ALL" />
		</list-definition>
	</browse-item>
	
	<browse-item id="countryContacts" label="Contact Us - Country Contacts" 
		icon-resource="node.stackingRules.iconSmall" show-count="true">
		<list-definition id="allCountryContacts" retriever="query"
			child-type="/com/agilent/content/SupportingRepository:countryContacts" allow-drilldown="false">
			<retriever-parameter name="query" value="ALL" />
		</list-definition>
	</browse-item>
	
	<browse-item id="regions" label="Regions" 
		icon-resource="node.stackingRules.iconSmall" show-count="true">
		<list-definition id="allRegions" retriever="query"
			child-type="/com/agilent/content/SupportingRepository:regions" allow-drilldown="false">
			<retriever-parameter name="query" value="ALL" />
		</list-definition>
	</browse-item>
	
	<browse-item id="countries" label="Countries" 
		icon-resource="node.stackingRules.iconSmall" show-count="true">
		<list-definition id="allCountries" retriever="query"
			child-type="/com/agilent/content/SupportingRepository:countries" allow-drilldown="false">
			<retriever-parameter name="query" value="ALL" />
		</list-definition>
	</browse-item>
	
	<browse-item id="SiteShipPayOption" label="Site Ship Pay Option" 
		icon-resource="node.stackingRules.iconSmall" show-count="true">
		<list-definition id="allSiteShipPayOption" retriever="query"
			child-type="/com/agilent/content/SupportingRepository:SiteShipPayOption" allow-drilldown="false">
			<retriever-parameter name="query" value="ALL" />
		</list-definition>
	</browse-item>
	
	<browse-item id="salesReps" label="Sales Representatives" 
		icon-resource="node.stackingRules.iconSmall" show-count="true">
		<list-definition id="allSalesReps" retriever="query"
			child-type="/com/agilent/content/SupportingRepository:salesReps" allow-drilldown="false">
			<retriever-parameter name="query" value="ALL" />
		</list-definition>
	</browse-item>
	
	<browse-item id="MXDownloadHits" label="MX Download Hits" 
		icon-resource="node.stackingRules.iconSmall" show-count="true">
		<list-definition id="allMXDownloadHits" retriever="query"
			child-type="/com/agilent/content/SupportingRepository:MXDownloadHits" allow-drilldown="false">
			<retriever-parameter name="query" value="ALL" />
		</list-definition>
	</browse-item>
	
	<browse-item id="officeDetails" label="Office Details" 
		icon-resource="node.stackingRules.iconSmall" show-count="true">
		<list-definition id="allOfficeDetails" retriever="query"
			child-type="/com/agilent/content/SupportingRepository:officeDetails" allow-drilldown="false">
			<retriever-parameter name="query" value="ALL" />
		</list-definition>
	</browse-item>
	
	<browse-item id="contactsEmailRecipients" label="Contact Us - CSR Email Recipients" 
		icon-resource="node.stackingRules.iconSmall" show-count="true">
		<list-definition id="allContactsEmailRecipients" retriever="query"
			child-type="/com/agilent/content/SupportingRepository:contactsEmailRecipients" allow-drilldown="false">
			<retriever-parameter name="query" value="ALL" />
		</list-definition>
	</browse-item>
	
	<browse-item id="salesregions" label="Sales Regions" 
		icon-resource="node.stackingRules.iconSmall" show-count="true">
		<list-definition id="allSalesregions" retriever="query"
			child-type="/com/agilent/content/SupportingRepository:salesregions" allow-drilldown="false">
			<retriever-parameter name="query" value="ALL" />
		</list-definition>
	</browse-item>
   
   <browse-item id="deliveryOptionsMaster" label="Country Wise Delivery Options" 
		icon-resource="node.stackingRules.iconSmall" show-count="true">
		<list-definition id="alldeliveryOptionsMaster" retriever="query"
			child-type="/com/agilent/content/SupportingRepository:deliveryOptionsMaster" allow-drilldown="false">
			<retriever-parameter name="query" value="ALL" />
		</list-definition>
	</browse-item>
	
	 <browse-item id="EuCookieNoticedata" label="Country Wise Cookie Notice data" 
		icon-resource="node.stackingRules.iconSmall" show-count="true">
		<list-definition id="allEuCookieNoticedata" retriever="query"
			child-type="/com/agilent/content/SupportingRepository:EuCookieNoticedata" allow-drilldown="false">
			<retriever-parameter name="query" value="ALL" />
		</list-definition>
	</browse-item>
	
</browse-hierarchy>