<?xml version="1.0" encoding="ISO-8859-1" ?>
<gsa-template xml-combine="append">
     <header>
        <name>Agilent Order Repository </name>
        <author>HCL Team</author>
        <version>$Revision: #1 $</version>
    </header>
    <item-descriptor name="order">
		
		  <table name="agilent_order_history" type="multi" multi-column-name="sequence_num" id-column-names="order_id">
			<property name="orderHistory" column-name="order_history" data-type="list" component-item-type="orderHistoryInfo" display-name="Order History" required="false" readable="true" writable="true" queryable="true" hidden="false" expert="false"  cache-mode="inherit">
				<attribute name="propertySortPriority" value="17"/>
			</property>
		</table>
    </item-descriptor>
    <item-descriptor name="orderHistoryInfo">
		<table name="order_history_info" type="primary" id-column-name="order_history_id">
			<property name="updateDateTime" column-name="update_date_time" data-type="timestamp" display-name="updateDateTime" required="true" readable="true" writable="true" queryable="true" hidden="false" expert="false" category-resource="orderHistoryInfo" cache-mode="inherit">
                <attribute name="useNowForDefault" value="true"/>
                <attribute name="propertySortPriority" value="10"/>
        	</property>
			<property name="orderProcessedBy" column-name="order_processed_by" data-type="big string" display-name-resource="orderProcessedBy" required="false" readable="true" writable="true" queryable="true" hidden="false" expert="false" category-resource="sureDesignTrackingInfo" cache-mode="inherit"/>
			<property name="comments" column-name="Comments" data-type="big string" display-name-resource="Comments" required="false" readable="true" writable="true" queryable="true" hidden="false" expert="false" category-resource="sureDesignTrackingInfo" cache-mode="inherit"/>
			<property name="history" column-name="history" data-type="big string" display-name-resource="history" required="false" readable="true" writable="true" queryable="true" hidden="false" expert="false" category-resource="sureDesignTrackingInfo" cache-mode="inherit"/>
			<property name="orderStatus" column-name="order_status" data-type="enumerated" required="false" readable="true" writable="true" queryable="true" hidden="true" expert="false" cache-mode="inherit">
					
					<option value="In Progress" code="0"/>
					<option value="Waiting CIM - Contact Creation" code="1"/>
					<option value="Waiting CIM - Customer Creation" code="2"/>
					<option value="Waiting Customer Information" code="3"/>
					<option value="Others (Credit card issues, etc)" code="4"/>
					<option value="Placed" code="5"/>
					<option value="Cancelled" code="6"/>
			</property>
		</table>
	</item-descriptor>	
</gsa-template>