<?xml version="1.0" encoding="UTF-8"?>

<!DOCTYPE browse-hierarchy SYSTEM "dynamosystemresource:/atg/dtds/browse-hierarchy/browse-hierarchy_1.0.dtd">

<browse-hierarchy root="externalUserFamily" show-ancestors="true" page-size="500" resource-formatter="/atg/remote/userprofiling/ResourceFormatter">

   
    <!-- The default Flex components for rendering the hierarchy nodes -->
<node-renderer node-type="asset" context="childList" class-name="atg.assetmanager.browse.view.ChildRenderer"/>
               
  <node-renderer node-type="navigationItem" context="childList" class-name="atg.assetmanager.browse.view.ChildRenderer"/>
               
  <node-renderer node-type="subListHeader" context="childList" class-name="atg.assetmanager.browse.view.HeaderRenderer"/>  

  <node-renderer node-type="asset" context="parentNode" class-name="atg.assetmanager.browse.view.ParentRenderer"/>

  <node-renderer node-type="navigationItem" context="parentNode" class-name="atg.assetmanager.browse.view.ParentRenderer"/>

  <node-renderer node-type="asset" context="ancestorList" class-name="atg.assetmanager.browse.view.AncestorRenderer"/>

  <node-renderer node-type="navigationItem" context="ancestorList" class-name="atg.assetmanager.browse.view.AncestorRenderer"/>
               

  
    <!-- The definition of the External Users family(node) with its 3 top level child nodes shown-->
<browse-item is-root="false" id="externalUserFamily" create-allowed="false" show-count="false" label-resource="node.externalUser.label" icon-resource="node.home.iconSmall" multisite="any" bin="false">
    <browse-item is-root="false" create-allowed="false" show-count="false" multisite="any" bin="false" reference-id="profileRealm"/>
    <browse-item is-root="false" create-allowed="false" show-count="false" multisite="any" bin="false" reference-id="externalUsers"/>

    
        <!-- Shown the role repository item's root folder at this level and mask it using the resource defined in the properties file-->
<list-definition show-count-on-header="false" id="roles" set-site-context-on-drilldown="false" retriever="query" visible="true" allow-drilldown="true" icon-resource="node.roles.iconSmall" show-count-on-children="false" show-header="never" allow-load="false" allow-circular-reference="false" child-type="/atg/userprofiling/ProfileAdapterRepository:roleFolder">
                           
      <retriever-parameter name="query" value="parent IS NULL"/>
    </list-definition> 
  </browse-item>

  
    <!-- The Profile Realm node used in the External User Application for a sited install-->
<browse-item is-root="true" id="profileRealm" create-allowed="false" show-count="false" label-resource="node.users.label" icon-resource="node.profileRealm.iconSmall" multisite="enabled" bin="false">
               
        
        <!-- All other Profile Realm node -->
	<list-definition show-count-on-header="false" id="allProfileRealm" set-site-context-on-drilldown="false" retriever="query" visible="true" allow-drilldown="true" show-count-on-children="false" show-header="never" allow-load="true" allow-circular-reference="false" child-type="/atg/userprofiling/ProfileAdapterRepository:user">
                     
      <retriever-parameter name="query" value="ALL"/>
      <retriever-parameter name="refresh-property" value="name"/>

    </list-definition>
  </browse-item> 
  

  

  
    <!-- end Default Profile Realm  Profile Realm links-->
<links id="profileRealmLinks" parent-type="/atg/userprofiling/ProfileAdapterRepository:profileRealm">
    <list-definition show-count-on-header="false" header-resource="node.users.label" id="profileRealmUsers" set-site-context-on-drilldown="false" retriever="property" visible="true" allow-drilldown="true" show-count-on-children="false" show-header="conditionally" allow-load="true" allow-circular-reference="false" child-type="/atg/userprofiling/ProfileAdapterRepository:user">
        
      <node-renderer node-type="asset" context="childList" class-name="atg.userprofiling.browse.view.UserChildRenderer">
        <refresh-property>firstName</refresh-property>
        <refresh-property>lastName</refresh-property>
        <refresh-property>login</refresh-property>
      </node-renderer>
        
      <retriever-parameter name="propertyName" value="realmId"/>
      <retriever-parameter name="reverseLink" value="true"/>
        
      <additional-property>firstName</additional-property>
      <additional-property>lastName</additional-property>
      <additional-property>login</additional-property>
      
    </list-definition>
  </links>
  

  
    <!-- end Profile Realm links The External user node used in the External User Application when no sites exist-->
<browse-item is-root="true" id="externalUsers" create-allowed="false" show-count="false" label-resource="node.users.label" icon-resource="node.extUsers.iconSmall" multisite="disabled" bin="false">

    
        <!-- External user node -->
<list-definition show-count-on-header="false" header-resource="node.users.label" id="allUsers" set-site-context-on-drilldown="false" retriever="query" visible="true" allow-drilldown="true" show-count-on-children="false" show-header="conditionally" allow-load="true" allow-circular-reference="false" child-type="/atg/userprofiling/ProfileAdapterRepository:user">
      
      <node-renderer node-type="asset" context="childList" class-name="atg.userprofiling.browse.view.UserChildRenderer">
        <refresh-property>firstName</refresh-property>
        <refresh-property>lastName</refresh-property>
        <refresh-property>login</refresh-property>
      </node-renderer>
                     
      <retriever-parameter name="query" value="ALL"/>
      <retriever-parameter name="refresh-property" value="name"/>
      
      <additional-property>firstName</additional-property>
      <additional-property>lastName</additional-property>
      <additional-property>login</additional-property>
      
    </list-definition>
  </browse-item> 
  
  
    <!-- end Organization navigation links  Role Folder and Role navigation links when navigating down the Role asset family-->
 <links id="roleFolderLinks" parent-type="/atg/userprofiling/ProfileAdapterRepository:roleFolder">
    
    
    
      <!--   Navigate role folders based on the child role folders 'parent' property i.e. reverseLink=true  Links are based on the parent's properties unless reverseLink is used  -->
<list-definition show-count-on-header="false" header-resource="node.roleFolders.label" id="roleChildFolders" set-site-context-on-drilldown="false" retriever="property" visible="true" allow-drilldown="true" show-count-on-children="false" show-header="conditionally" allow-load="true" allow-circular-reference="false" child-type="/atg/userprofiling/ProfileAdapterRepository:roleFolder">
      <retriever-parameter name="propertyName" value="parent"/>
      <retriever-parameter name="reverseLink" value="true"/>
    </list-definition>
  
    
        <!-- Navigate role based on the role folders childItems  -->
<list-definition show-count-on-header="false" header-resource="node.roles.label" id="roleChildItems" set-site-context-on-drilldown="false" retriever="property" visible="true" allow-drilldown="true" show-count-on-children="false" show-header="conditionally" allow-load="true" allow-circular-reference="false" child-type="/atg/userprofiling/ProfileAdapterRepository:role">
      
      <node-renderer node-type="asset" context="childList" class-name="atg.userprofiling.browse.view.RoleChildRenderer">
          <refresh-property>name</refresh-property>
      </node-renderer>
      
      <retriever-parameter name="propertyName" value="childItems"/>
    </list-definition>
  </links> <!-- end Role navigation links-->

  

</browse-hierarchy><!-- @version $Id: //product/DPS-UI/version/11.1/src/config/atg/remote/userprofiling/browse/ExternalUsersBrowseHierarchy.xml#1 $$Change: 875535 $-->

<!-- result of combining: 
     D:\ATG\ATG11.1\DPS-UI\config\config.jar/atg/remote/userprofiling/browse/ExternalUsersBrowseHierarchy.xml
-->