<?xml version="1.0" encoding="UTF-8"?>
<!DOCTYPE gsa-template SYSTEM "dynamosystemresource:/atg/dtds/gsa/gsa_1.0.dtd">
<!--This file was generated by the ATG Repository Editor plugin -->
<gsa-template>

	<!--/////////////////////////////// -->
	<!--category -->
	<!--/////////////////////////////// -->

	<item-descriptor expert="false" id-separator=":"
		writable="true" cache-mode="simple" id-space-name="category" content="false"
		folder="false" default="false" hidden="false" name="category"
		display-property="displayNameDefault" use-id-for-path="false">

		<table name="dcs_category_feed" id-column-name="category_id"
			type="primary" shared-table-sequence="1">
			<property expert="false" readable="true" column-name="category_id"
				data-type="string" hidden="false" writable="true" name="id"
				required="true" cache-mode="inherit" queryable="true">
				<attribute name="propertySortPriority" value="0" />
			</property>
			<property expert="false" readable="true" column-name="creation_date"
				data-type="timestamp" hidden="false" writable="true" name="creationDate"
				required="false" cache-mode="inherit" queryable="true">
				<attribute name="propertySortPriority" value="1" />
			</property>
			<property expert="false" readable="true" column-name="start_date"
				data-type="timestamp" hidden="false" writable="true" name="startDate"
				required="false" cache-mode="inherit" queryable="true">
				<attribute name="propertySortPriority" value="2" />
			</property>
			<property expert="false" readable="true" column-name="end_date"
				data-type="timestamp" hidden="false" writable="true" name="endDate"
				required="false" cache-mode="inherit" queryable="true">
				<attribute name="propertySortPriority" value="3" />
			</property>
			<property expert="false" readable="true" column-name="display_name"
				data-type="string" hidden="false" writable="true" name="displayNameDefault"
				required="false" cache-mode="inherit" queryable="true">
				<attribute name="propertySortPriority" value="4" />
			</property>
			<property expert="false" readable="true" column-name="description"
				data-type="string" hidden="false" writable="true" name="descriptionDefault"
				required="false" cache-mode="inherit" queryable="true">
				<attribute name="propertySortPriority" value="5" />
			</property>
			<property expert="false" readable="true" column-name="long_description"
				data-type="big string" hidden="false" writable="true"
				name="longDescriptionDefault" required="false" cache-mode="inherit"
				queryable="true">
				<attribute name="propertySortPriority" value="6" />
			</property>
			<property expert="false" readable="true" column-name="new_item"
				data-type="boolean" hidden="false" writable="true" name="isNew"
				required="false" cache-mode="inherit" queryable="true">
				<attribute name="propertySortPriority" value="7" />
			</property>
			<property expert="false" readable="true" column-name="modified_item"
				data-type="boolean" hidden="false" writable="true" name="isModified"
				required="false" cache-mode="inherit" queryable="true">
				<attribute name="propertySortPriority" value="8" />
			</property>
			<property expert="false" readable="true" column-name="deleted_item"
				data-type="boolean" hidden="false" writable="true" name="isDeleted"
				required="false" cache-mode="inherit" queryable="true">
				<attribute name="propertySortPriority" value="9" />
			</property>

			<property expert="false" readable="true" column-name="title"
				display-name-resource="titleDefault" data-type="string" hidden="false"
				writable="true" name="titleDefault" required="false" cache-mode="inherit"
				queryable="true">
				<attribute name="propertySortPriority" value="10" />
			</property>
			<property expert="false" readable="true" column-name="category_type"
				display-name-resource="categoryTypeDefault" data-type="string"
				hidden="false" writable="true" name="categoryTypeDefault" required="false"
				cache-mode="inherit" queryable="true">
				<attribute name="propertySortPriority" value="11" />
			</property>
			<property expert="false" readable="true" column-name="publishing_contact"
				display-name="publishingContact" data-type="string" hidden="false"
				writable="true" name="publishingContact" required="false"
				cache-mode="inherit" queryable="true">
				<attribute name="propertySortPriority" value="12" />
			</property>
			<property expert="false" readable="true" column-name="publishing_email"
				display-name="publishingEmail" data-type="string" hidden="false"
				writable="true" name="publishingEmail" required="false" cache-mode="inherit"
				queryable="true">
				<attribute name="propertySortPriority" value="13" />
			</property>
			<property expert="false" readable="true" column-name="content_author"
				display-name="contentAuthor" data-type="string" hidden="false"
				writable="true" name="contentAuthor" required="false" cache-mode="inherit"
				queryable="true">
				<attribute name="propertySortPriority" value="14" />
			</property>
			<property expert="false" readable="true" column-name="language"
				display-name="language" data-type="string" hidden="false" writable="true"
				name="language" required="false" cache-mode="inherit" queryable="true">
				<attribute name="propertySortPriority" value="15" />
			</property>
			<property expert="false" readable="true" column-name="banner_image_URL1"
				display-name="bannerImageURL1Default" data-type="string" hidden="false"
				writable="true" name="bannerImageURL1Default" required="false"
				cache-mode="inherit" queryable="true">
				<attribute name="propertySortPriority" value="16" />
			</property>
			<property expert="false" readable="true" column-name="banner_image_URL2"
				display-name="bannerImageURL2Default" data-type="string" hidden="false"
				writable="true" name="bannerImageURL2Default" required="false"
				cache-mode="inherit" queryable="true">
				<attribute name="propertySortPriority" value="17" />
			</property>
			<property expert="false" readable="true" column-name="banner_image_URL3"
				display-name="bannerImageURL3Default" data-type="string" hidden="false"
				writable="true" name="bannerImageURL3Default" required="false"
				cache-mode="inherit" queryable="true">
				<attribute name="propertySortPriority" value="18" />
			</property>
			<property expert="false" readable="true" column-name="banner_image_URL4"
				display-name="bannerImageURL4Default" data-type="string" hidden="false"
				writable="true" name="bannerImageURL4Default" required="false"
				cache-mode="inherit" queryable="true">
				<attribute name="propertySortPriority" value="19" />
			</property>
			<property expert="false" readable="true" column-name="banner_image_URL5"
				display-name="bannerImageURL5Default" data-type="string" hidden="false"
				writable="true" name="bannerImageURL5Default" required="false"
				cache-mode="inherit" queryable="true">
				<attribute name="propertySortPriority" value="20" />
			</property>
			<property expert="false" readable="true" column-name="banner_image_URL6"
				display-name="bannerImageURL6Default" data-type="string" hidden="false"
				writable="true" name="bannerImageURL6Default" required="false"
				cache-mode="inherit" queryable="true">
				<attribute name="propertySortPriority" value="21" />
			</property>
			<property expert="false" readable="true" column-name="banner_image_target_URL1"
				display-name="bannerImageTargetURL1Default" data-type="string"
				hidden="false" writable="true" name="bannerImageTargetURL1Default"
				required="false" cache-mode="inherit" queryable="true">
				<attribute name="propertySortPriority" value="22" />
			</property>
			<property expert="false" readable="true" column-name="banner_image_target_URL2"
				display-name="bannerImageTargetURL2Default" data-type="string"
				hidden="false" writable="true" name="bannerImageTargetURL2Default"
				required="false" cache-mode="inherit" queryable="true">
				<attribute name="propertySortPriority" value="23" />
			</property>
			<property expert="false" readable="true" column-name="banner_image_target_URL3"
				display-name="bannerImageTargetURL3Default" data-type="string"
				hidden="false" writable="true" name="bannerImageTargetURL3Default"
				required="false" cache-mode="inherit" queryable="true">
				<attribute name="propertySortPriority" value="24" />
			</property>
			<property expert="false" readable="true" column-name="banner_image_target_URL4"
				display-name="bannerImageTargetURL4Default" data-type="string"
				hidden="false" writable="true" name="bannerImageTargetURL4Default"
				required="false" cache-mode="inherit" queryable="true">
				<attribute name="propertySortPriority" value="25" />
			</property>

			<property expert="false" readable="true" column-name="banner_Image_target_URL5"
				display-name="bannerImageTargetURL5Default" data-type="string"
				hidden="false" writable="true" name="bannerImageTargetURL5Default"
				required="false" cache-mode="inherit" queryable="true">
				<attribute name="propertySortPriority" value="15" />
			</property>
			<property expert="false" readable="true" column-name="banner_image_target_URL6"
				display-name="bannerImageTargetURL6Default" data-type="string"
				hidden="false" writable="true" name="bannerImageTargetURL6Default"
				required="false" cache-mode="inherit" queryable="true">
				<attribute name="propertySortPriority" value="26" />
			</property>
			<property expert="false" readable="true" column-name="meta_title"
				display-name="metaTitle" data-type="string" hidden="false" writable="true"
				name="metaTitle" required="false" cache-mode="inherit" queryable="true">
				<attribute name="propertySortPriority" value="17" />
			</property>
			<property expert="false" readable="true" column-name="meta_description"
				display-name="metaDescription" data-type="string" hidden="false"
				writable="true" name="metaDescription" required="false" cache-mode="inherit"
				queryable="true">
				<attribute name="propertySortPriority" value="27" />
			</property>
			<property expert="false" readable="true" column-name="product_groups"
				display-name="productGroupsDefault" data-type="big string" hidden="false"
				writable="true" name="productGroupsDefault" required="false"
				cache-mode="inherit" queryable="true">
				<attribute name="propertySortPriority" value="28" />
			</property>
			<property expert="false" readable="true" column-name="resource1_lable"
				display-name="resource1Lable" data-type="string" hidden="false"
				writable="true" name="resource1Lable" required="false" cache-mode="inherit"
				queryable="true">
				<attribute name="propertySortPriority" value="29" />
			</property>
			<property expert="false" readable="true" column-name="resource1_url"
				display-name="resource1Url" data-type="string" hidden="false"
				writable="true" name="resource1Url" required="false" cache-mode="inherit"
				queryable="true">
				<attribute name="propertySortPriority" value="22" />
			</property>
			<property expert="false" readable="true" column-name="resource2_lable"
				display-name="resource2Lable" data-type="string" hidden="false"
				writable="true" name="resource2Lable" required="false" cache-mode="inherit"
				queryable="true">
				<attribute name="propertySortPriority" value="23" />
			</property>

			<property expert="false" readable="true" column-name="resource2_url"
				display-name="resource2Url" data-type="string" hidden="false"
				writable="true" name="resource2Url" required="false" cache-mode="inherit"
				queryable="true">
				<attribute name="propertySortPriority" value="24" />
			</property>
			<property expert="false" readable="true" column-name="resources"
				display-name="resourcesDefault" data-type="big string" hidden="false"
				writable="true" name="resourcesDefault" required="false" cache-mode="inherit"
				queryable="true">
				<attribute name="propertySortPriority" value="25" />
			</property>
			<property expert="false" readable="true" column-name="news_list"
				display-name="newsList" data-type="big string" hidden="false"
				writable="true" name="newsList" required="false" cache-mode="inherit"
				queryable="true">
				<attribute name="propertySortPriority" value="26" />
			</property>
			<property expert="false" readable="true" display-name="isDisplayRelatedLit"
				writable="true" cache-mode="inherit" column-name="isDisplay_related_lit"
				default="true" data-type="boolean" hidden="false" name="isDisplayRelatedLit"
				required="false" queryable="true">
				<attribute name="propertySortPriority" value="27" />
			</property>
			<property expert="false" readable="true" display-name="isDisplayPromotions"
				writable="true" cache-mode="inherit" column-name="isDisplay_promotions"
				default="true" data-type="boolean" hidden="false" name="isDisplayPromotions"
				required="false" queryable="true">
				<attribute name="propertySortPriority" value="28" />
			</property>
			<property expert="false" readable="true"
				display-name="isDisplayProtocols_Manuals" writable="true"
				cache-mode="inherit" column-name="isDisplay_protocols_manuals"
				default="true" data-type="boolean" hidden="false"
				name="isDisplayProtocols_Manuals" required="false" queryable="true">
				<attribute name="propertySortPriority" value="29" />
			</property>
			<property expert="false" readable="true" display-name="isDisplayMSDSs_CofAs"
				writable="true" cache-mode="inherit" column-name="isDisplay_MSDSs_CofAs"
				default="true" data-type="boolean" hidden="false" name="isDisplayMSDSs_CofAs"
				required="false" queryable="true">
				<attribute name="propertySortPriority" value="29" />
			</property>
			<property expert="false" readable="true" display-name="isDisplayTools_Calc"
				writable="true" cache-mode="inherit" column-name="isDisplay_tools_calc"
				default="true" data-type="boolean" hidden="false" name="isDisplayTools_Calc"
				required="false" queryable="true">
				<attribute name="propertySortPriority" value="31" />
			</property>
			<property expert="false" readable="true"
				display-name="isDisplayBrouchers_DataSheets" writable="true"
				cache-mode="inherit" column-name="isDisplay_webinars" default="true"
				data-type="boolean" hidden="false" name="isDisplayBrouchers_DataSheets"
				required="false" queryable="true">
				<attribute name="propertySortPriority" value="32" />
			</property>
			<property expert="false" readable="true" display-name="isDisplayVideos"
				writable="true" cache-mode="inherit" column-name="isDisplay_videos"
				default="true" data-type="boolean" hidden="false" name="isDisplayVideos"
				required="false" queryable="true">
				<attribute name="propertySortPriority" value="33" />
			</property>
			<property expert="false" readable="true" display-name="isDisplayEvents"
				writable="true" cache-mode="inherit" column-name="isDisplay_events"
				default="true" data-type="boolean" hidden="false" name="isDisplayEvents"
				required="false" queryable="true">
				<attribute name="propertySortPriority" value="34" />
			</property>
			<property expert="false" readable="true"
				display-name="isDisplayAppNoteAndPoster" writable="true" cache-mode="inherit"
				column-name="isDisplayAppNote_Poster" default="true" data-type="boolean"
				hidden="false" name="isDisplayAppNoteAndPoster" required="false"
				queryable="true">
				<attribute name="propertySortPriority" value="35" />
			</property>

			<!-- ADDED for LSCA -->
			<property expert="false" readable="true" category="categoryPresentation"
				display-name="webEnabled" data-type="boolean" hidden="false"
				writable="true" name="webEnabled" required="false" cache-mode="inherit"
				queryable="true" column-names="web_enabled">
				<attribute name="propertySortPriority" value="35" />
			</property>
			<property expert="false" readable="true" column-name="fieldA_display_name"
				display-name="fieldADisplayNameDefault" data-type="string" hidden="false"
				writable="true" name="fieldADisplayNameDefault" required="false"
				cache-mode="inherit" queryable="true">
				<attribute name="propertySortPriority" value="35" />
			</property>
			<property expert="false" readable="true" column-name="fieldB_display_name"
				display-name="fieldBDisplayNameDefault" data-type="string" hidden="false"
				writable="true" name="fieldBDisplayNameDefault" required="false"
				cache-mode="inherit" queryable="true">
				<attribute name="propertySortPriority" value="36" />
			</property>
			<property expert="false" readable="true" column-name="fieldC_display_name"
				display-name="fieldCDisplayNameDefault" data-type="string" hidden="false"
				writable="true" name="fieldCDisplayNameDefault" required="false"
				cache-mode="inherit" queryable="true">
				<attribute name="propertySortPriority" value="37" />
			</property>
			<property expert="false" readable="true" column-name="fieldD_display_name"
				display-name="fieldDDisplayNameDefault" data-type="string" hidden="false"
				writable="true" name="fieldDDisplayNameDefault" required="false"
				cache-mode="inherit" queryable="true">
				<attribute name="propertySortPriority" value="38" />
			</property>
			<property expert="false" readable="true" column-name="fieldE_display_name"
				display-name="fieldEDisplayNameDefault" data-type="string" hidden="false"
				writable="true" name="fieldEDisplayNameDefault" required="false"
				cache-mode="inherit" queryable="true">
				<attribute name="propertySortPriority" value="39" />
			</property>
			<property expert="false" readable="true" column-name="displayOnMenu"
				display-name="displayOnMenu" data-type="string" hidden="false"
				writable="true" name="displayOnMenu" required="false"
				cache-mode="inherit" queryable="true">
				<attribute name="propertySortPriority" value="40" />
			</property>
			<property expert="false" readable="true" column-name="altBannerImageURL1"
				display-name="altBannerImageURL1" data-type="string" hidden="false"
				writable="true" name="altBannerImageURL1" required="false"
				cache-mode="inherit" queryable="true">
				<attribute name="propertySortPriority" value="41" />
			</property>
			<property expert="false" readable="true" column-name="sortable"
				display-name="sortable" data-type="boolean" hidden="false"
				writable="true" name="sortable" required="false"
				cache-mode="inherit" queryable="true">
				<attribute name="propertySortPriority" value="42" />
			</property>
			<property expert="false" readable="true" column-name="isRootCategory"
				display-name="RootCategory" data-type="string" hidden="false"
				writable="true" name="isRootCategory" required="false"
				cache-mode="inherit" queryable="true">
				<attribute name="propertySortPriority" value="43" />
			</property>
		</table>
		<table name="dcs_cat_chldprd_feed" id-column-name="category_id"
			multi-column-name="sequence_num" type="multi" shared-table-sequence="1">
			<property expert="false" readable="true"
				component-data-type="string" writable="true" cache-mode="inherit"
				column-name="product_id" data-type="list" hidden="false" name="childProducts"
				required="false" queryable="true">
				<attribute name="propertySortPriority" value="10" />
			</property>
		</table>

		<table name="dcs_cat_chldcat_feed" id-column-name="category_id"
			multi-column-name="sequence_num" type="multi" shared-table-sequence="1">
			<property expert="false" readable="true" category-resource="categoryCategorization"
				component-data-type="string" display-name-resource="fixedChildCategories"
				writable="true" cache-mode="inherit" column-name="child_cat_id"
				data-type="list" hidden="false" name="fixedChildCategories"
				required="false" queryable="true">
				<attribute name="propertySortPriority" value="-9" />
				<attribute name="references" value="true" />
				<attribute name="prohibitDuplicates" value="true" />
			</property>
		</table>

		<table name="dcs_cat_pardcat_feed" id-column-name="category_id"
			multi-column-name="sequence_num" type="multi" shared-table-sequence="2">
			<property expert="false" readable="true" category-resource="categoryCategorization"
				component-data-type="string" display-name-resource="fixedParentCategories"
				writable="true" cache-mode="inherit" column-name="child_par_id"
				data-type="list" hidden="true" name="fixedParentCategories"
				required="false" queryable="true">
			</property>
		</table>
		<table name="agilent_cat_cat_xlate_feed" multi-column-name="locale"
			type="multi" id-column-names="category_id">
			<property name="translations" column-name="translation_id"
				data-type="map" component-item-type="categoryTranslation"
				display-name="Translations" display-name-resource="translations"
				required="false" readable="true" writable="true" queryable="true"
				hidden="false" expert="false" category-resource="categoryAppearance"
				cache-mode="inherit">
				<attribute name="propertySortPriority" value="-12" />
			</property>
		</table>
	</item-descriptor>

	<!--/////////////////////////////// -->
	<!--categoryTranslation -->
	<!--/////////////////////////////// -->
	<item-descriptor name="categoryTranslation"
		display-name-resource="CategoryTranslation" content="false" folder="false"
		use-id-for-path="false" display-property="displayName" hidden="false"
		expert="false" writable="true" cache-mode="simple" id-space-name="categoryTranslation"
		item-cache-size="1000" query-cache-size="1000" id-separator=":">

		<table name="agilent_cat_xlate_feed" type="primary"
			id-column-name="translation_id">
			<property expert="false" readable="true" column-name="translation_id"
				display-name-resource="id" data-type="string" hidden="false"
				writable="true" name="id" required="true" cache-mode="inherit"
				queryable="true">
				<attribute name="propertySortPriority" value="13" />
			</property>
			<property expert="false" readable="true" category="categoryPresentation"
				display-name="webEnabled" data-type="boolean" hidden="false"
				writable="true" name="webEnabled" required="false" cache-mode="inherit"
				queryable="true" column-names="webEnabled">
				<attribute name="propertySortPriority" value="14" />
			</property>
			<property expert="false" readable="true" column-name="displayOnMenu"
				display-name="displayOnMenu" data-type="string" hidden="false"
				writable="true" name="displayOnMenu" required="false"
				cache-mode="inherit" queryable="true">
				<attribute name="propertySortPriority" value="15" />
			</property>
			<property expert="false" readable="true" column-name="banner_image_URL1"
				display-name="bannerImageURL1Default" data-type="string" hidden="false"
				writable="true" name="bannerImageURL1Default" required="false"
				cache-mode="inherit" queryable="true">
				<attribute name="propertySortPriority" value="16" />
			</property>
			<property expert="false" readable="true" column-name="altBannerImageURL1"
				display-name="altBannerImageURL1" data-type="string" hidden="false"
				writable="true" name="altBannerImageURL1" required="false"
				cache-mode="inherit" queryable="true">
				<attribute name="propertySortPriority" value="17" />
			</property>
			<property expert="false" readable="true" column-name="sortable"
				display-name="sortable" data-type="boolean" hidden="false"
				writable="true" name="sortable" required="false"
				cache-mode="inherit" queryable="true">
				<attribute name="propertySortPriority" value="18" />
			</property>
			<property name="displayName" column-names="display_name"
				data-type="string" display-name-resource="displayName" required="false"
				readable="true" writable="true" queryable="true" hidden="false"
				expert="false" category-resource="categoryPresentation" cache-mode="inherit" />
			<property name="description" column-names="description"
				data-type="big string" display-name-resource="description" required="false"
				readable="true" writable="true" queryable="true" hidden="false"
				expert="false" category-resource="categoryPresentation" cache-mode="inherit" />
			<property name="longDescription" column-names="long_description"
				data-type="big string" display-name-resource="longDescription"
				required="false" readable="true" writable="true" queryable="true"
				hidden="false" expert="false" category-resource="categoryPresentation"
				cache-mode="inherit" />
			<property name="title" column-names="title" data-type="string"
				display-name-resource="title" required="false" readable="true"
				writable="true" queryable="true" hidden="false" expert="false"
				category-resource="categoryPresentation" cache-mode="inherit" />
			<property name="categoryType" column-names="category_type"
				data-type="string" display-name-resource="categoryType" required="false"
				readable="true" writable="true" queryable="true" hidden="false"
				expert="false" category-resource="categoryPresentation" cache-mode="inherit" />
			<property name="bannerImageURL1" column-name="banner_image_URL1"
				data-type="string" display-name="bannerImageURL1" required="false"
				readable="true" writable="true" queryable="true" hidden="false"
				expert="false" category-resource="categoryPresentation" cache-mode="inherit" />
			<property name="bannerImageTargetURL1" column-name="banner_image_target_URL1"
				data-type="string" display-name="bannerImageTargetURL1" required="false"
				readable="true" writable="true" queryable="true" hidden="false"
				expert="false" category-resource="categoryPresentation" cache-mode="inherit" />
			<property name="bannerImageURL2" column-name="banner_image_URL2"
				data-type="string" display-name="bannerImageURL2" required="false"
				readable="true" writable="true" queryable="true" hidden="false"
				expert="false" category-resource="categoryPresentation" cache-mode="inherit" />
			<property name="bannerImageTargetURL2" column-name="banner_image_target_URL2"
				data-type="string" display-name="bannerImageTargetURL2" required="false"
				readable="true" writable="true" queryable="true" hidden="false"
				expert="false" category-resource="categoryPresentation" cache-mode="inherit" />
			<property name="bannerImageURL3" column-name="banner_image_URL3"
				data-type="string" display-name="bannerImageURL3" required="false"
				readable="true" writable="true" queryable="true" hidden="false"
				expert="false" category-resource="categoryPresentation" cache-mode="inherit" />
			<property name="bannerImageTargetURL3" column-name="banner_image_target_URL3"
				data-type="string" display-name="bannerImageTargetURL3" required="false"
				readable="true" writable="true" queryable="true" hidden="false"
				expert="false" category-resource="categoryPresentation" cache-mode="inherit" />
			<property name="bannerImageURL4" column-name="banner_image_URL4"
				data-type="string" display-name="bannerImageURL4" required="false"
				readable="true" writable="true" queryable="true" hidden="false"
				expert="false" category-resource="categoryPresentation" cache-mode="inherit" />
			<property name="bannerImageTargetURL4" column-name="banner_image_target_URL4"
				data-type="string" display-name="bannerImageTargetURL4" required="false"
				readable="true" writable="true" queryable="true" hidden="false"
				expert="false" category-resource="categoryPresentation" cache-mode="inherit" />
			<property name="bannerImageURL5" column-name="banner_image_URL5"
				data-type="string" display-name="bannerImageURL5" required="false"
				readable="true" writable="true" queryable="true" hidden="false"
				expert="false" category-resource="categoryPresentation" cache-mode="inherit" />
			<property name="bannerImageTargetURL5" column-name="banner_Image_target_URL5"
				data-type="string" display-name="bannerImageTargetURL5" required="false"
				readable="true" writable="true" queryable="true" hidden="false"
				expert="false" category-resource="categoryPresentation" cache-mode="inherit" />
			<property name="bannerImageURL6" column-name="banner_image_URL6"
				data-type="string" display-name="bannerImageURL6" required="false"
				readable="true" writable="true" queryable="true" hidden="false"
				expert="false" category-resource="categoryPresentation" cache-mode="inherit" />
			<property name="bannerImageTargetURL6" column-name="banner_image_target_URL6"
				data-type="string" display-name="bannerImageTargetURL6" required="false"
				readable="true" writable="true" queryable="true" hidden="false"
				expert="false" category-resource="categoryPresentation" cache-mode="inherit" />
			<property name="productGroups" column-name="product_groups"
				data-type="big string" display-name="productGroups" required="false"
				readable="true" writable="true" queryable="true" hidden="false"
				expert="false" category-resource="categoryPresentation" cache-mode="inherit" />
			<property name="resources" column-name="resources"
				data-type="big string" display-name="resources" required="false"
				readable="true" writable="true" queryable="true" hidden="false"
				expert="false" category-resource="categoryPresentation" cache-mode="inherit" />
			<property name="fieldADisplayName" column-name="fieldA_display_name"
				data-type="string" display-name="fieldADisplayName" required="false"
				readable="true" writable="true" queryable="true" hidden="false"
				expert="false" category-resource="categoryPresentation" cache-mode="inherit" />
			<property name="fieldBDisplayName" column-name="fieldB_display_name"
				data-type="string" display-name="fieldBDisplayName" required="false"
				readable="true" writable="true" queryable="true" hidden="false"
				expert="false" category-resource="categoryPresentation" cache-mode="inherit" />
			<property name="fieldCDisplayName" column-name="fieldC_display_name"
				data-type="string" display-name="fieldCDisplayName" required="false"
				readable="true" writable="true" queryable="true" hidden="false"
				expert="false" category-resource="categoryPresentation" cache-mode="inherit" />
			<property name="fieldDDisplayName" column-name="fieldD_display_name"
				data-type="string" display-name="fieldDDisplayName" required="false"
				readable="true" writable="true" queryable="true" hidden="false"
				expert="false" category-resource="categoryPresentation" cache-mode="inherit" />
			<property name="fieldEDisplayName" column-name="fieldE_display_name"
				data-type="string" display-name="fieldEDisplayName" required="false"
				readable="true" writable="true" queryable="true" hidden="false"
				expert="false" category-resource="categoryPresentation" cache-mode="inherit" />
			
			
				
		</table>
		<table name="agilent_cat_xlate_kwr_feed" multi-column-name="sequence_num"
			type="multi" id-column-name="translation_id">
			<property name="keywords" column-name="keyword" data-type="list"
				component-data-type="string" display-name-resource="keywords"
				required="false" readable="true" writable="true" queryable="true"
				hidden="false" expert="false" category-resource="categoryCategorization"
				cache-mode="inherit">
				<attribute name="propertySortPriority" value="-12" />
			</property>
		</table>
	</item-descriptor>


	<!--/////////////////////////////// -->
	<!--product -->
	<!--/////////////////////////////// -->

	<item-descriptor expert="false" id-separator=":"
		writable="true" cache-mode="simple" id-space-name="product" content="false"
		folder="false" default="false" sub-type-property="type" hidden="false"
		name="product" display-property="displayNameDefault" use-id-for-path="false">
		<table name="dcs_product_feed" id-column-name="product_id" type="primary"
			shared-table-sequence="1">
			<property expert="false" readable="true" column-name="product_id"
				display-name-resource="id" data-type="string" hidden="false"
				writable="true" name="id" required="true" cache-mode="inherit"
				queryable="true">
				<attribute name="propertySortPriority" value="13" />
			</property>
			<property expert="false" readable="true" column-name="creation_date"
				display-name-resource="creationDate" data-type="timestamp" hidden="false"
				writable="true" name="creationDate" required="false" cache-mode="inherit"
				queryable="true">
				<attribute name="uiwritable" value="false" />
				<attribute name="useNowForDefault" value="true" />
				<attribute name="propertySortPriority" value="14" />
			</property>
			<property expert="false" readable="true" column-name="start_date"
				display-name-resource="startDate" data-type="timestamp" hidden="false"
				writable="true" name="startDate" required="false" cache-mode="inherit"
				queryable="true">
				<attribute name="propertySortPriority" value="15" />
			</property>
			<property expert="false" readable="true" column-name="end_date"
				display-name-resource="endDate" data-type="timestamp" hidden="false"
				writable="true" name="endDate" required="false" cache-mode="inherit"
				queryable="true">
				<attribute name="propertySortPriority" value="16" />
			</property>
			<property expert="false" readable="true" column-name="product_type"
				data-type="enumerated" hidden="true" writable="true" name="type"
				required="false" cache-mode="inherit" queryable="true">
				<option value="genomics" code="0" />
				<option value="sureFish" code="1" />
				<attribute name="propertySortPriority" value="17" />
			</property>
			<property expert="false" readable="true" column-name="display_name"
				display-name-resource="displayNameDefault" data-type="string"
				hidden="false" writable="true" name="displayNameDefault" required="false"
				cache-mode="inherit" queryable="true">
				<attribute name="propertySortPriority" value="17" />
			</property>
			<property expert="false" readable="true" column-name="description"
				display-name-resource="productDescriptionDefault" data-type="big string"
				hidden="false" writable="true" name="descriptionDefault" required="false"
				cache-mode="inherit" queryable="true">
				<attribute name="propertySortPriority" value="18" />
			</property>
			<property expert="false" readable="true" column-name="long_description"
				display-name-resource="webPageDescriptionDefault" data-type="big string"
				hidden="false" writable="true" name="longDescriptionDefault"
				required="false" cache-mode="inherit" queryable="true">
				<attribute name="propertySortPriority" value="19" />
			</property>
			<property expert="false" readable="true" column-name="new_item"
				data-type="boolean" hidden="false" writable="true" name="isNew"
				required="false" cache-mode="inherit" queryable="true">
				<attribute name="propertySortPriority" value="20" />
			</property>
			<property expert="false" readable="true" column-name="modified_item"
				data-type="boolean" hidden="false" writable="true" name="isModified"
				required="false" cache-mode="inherit" queryable="true">
				<attribute name="propertySortPriority" value="21" />
			</property>
			<property expert="false" readable="true" column-name="deleted_item"
				data-type="boolean" hidden="false" writable="true" name="isDeleted"
				required="false" cache-mode="inherit" queryable="true">
				<attribute name="propertySortPriority" value="22" />
			</property>
			<property expert="false" readable="true" column-name="title"
				display-name-resource="titleDefault" data-type="string" hidden="false"
				writable="true" name="titleDefault" required="false" cache-mode="inherit"
				queryable="true">
				<attribute name="propertySortPriority" value="-5" />
			</property>
			<property expert="false" readable="true" column-name="publishing_contact"
				display-name="publishingContact" data-type="string" hidden="false"
				writable="true" name="publishingContact" required="false"
				cache-mode="inherit" queryable="true">
				<attribute name="propertySortPriority" value="-3" />
			</property>
			<property expert="false" readable="true" column-name="publishing_email"
				display-name="publishingEmail" data-type="string" hidden="false"
				writable="true" name="publishingEmail" required="false" cache-mode="inherit"
				queryable="true">
				<attribute name="propertySortPriority" value="-2" />
			</property>
			<property expert="false" readable="true" column-name="language"
				display-name="language" data-type="string" hidden="false" writable="true"
				name="language" required="false" cache-mode="inherit" queryable="true">
				<attribute name="propertySortPriority" value="0" />
			</property>
			<property expert="false" readable="true" column-name="product_image_URL"
				display-name="productImageURL" data-type="string" hidden="false"
				writable="true" name="productImageURL" required="false" cache-mode="inherit"
				queryable="true">
				<attribute name="propertySortPriority" value="1" />
			</property>
			<property expert="false" readable="true" category="categoryPresentation"
				display-name="New Product" data-type="boolean" hidden="false"
				writable="true" name="newProduct" required="false" cache-mode="inherit"
				queryable="true" column-names="new_product">
				<attribute name="propertySortPriority" value="2" />
			</property>
			<property expert="false" readable="true" category="categoryPresentation"
				display-name="Live Product" data-type="boolean" hidden="false"
				writable="true" name="liveProduct" required="false" cache-mode="inherit"
				queryable="true" column-names="live_product">
				<attribute name="propertySortPriority" value="3" />
			</property>
			<property expert="false" readable="true" category="categoryPresentation"
				display-name="Licensing" data-type="string" hidden="false" writable="true"
				name="licensing" required="false" cache-mode="inherit" queryable="true"
				column-names="licensing">
				<attribute name="propertySortPriority" value="4" />
			</property>
			<property expert="false" readable="true" category="categoryPresentation"
				display-name="Is Selected" data-type="boolean" hidden="false"
				writable="true" name="isSelected" required="false" cache-mode="inherit"
				queryable="true" column-names="is_selected">
				<attribute name="propertySortPriority" value="5" />
			</property>
			<property expert="false" readable="true" category="categoryPresentation"
				display-name="Reagent Template" data-type="boolean" hidden="false"
				writable="true" name="reagentTemplate" required="false" cache-mode="inherit"
				queryable="true" column-names="reagent_template">
				<attribute name="propertySortPriority" value="6" />
			</property>
			<property expert="false" readable="true" category="categoryPresentation"
				display-name="Show Genes" data-type="boolean" hidden="false"
				writable="true" name="showGenes" required="false" cache-mode="inherit"
				queryable="true" column-names="show_genes">
				<attribute name="propertySortPriority" value="7" />
			</property>
			<property expert="false" readable="true" category="categoryPresentation"
				display-name="Request Info" data-type="string" hidden="false"
				writable="true" name="requestInfo" required="false" cache-mode="inherit"
				queryable="true" column-names="request_info">

				<attribute name="propertySortPriority" value="8" />
			</property>
			<property expert="false" readable="true" category="categoryPresentation"
				display-name="Specification ID" data-type="string" hidden="false"
				writable="true" name="specificationID" required="false" cache-mode="inherit"
				queryable="true" column-names="specification_id">

				<attribute name="propertySortPriority" value="9" />
			</property>
			<property expert="false" readable="true" column-name="resource1_lable"
				display-name="resource1Lable" data-type="string" hidden="false"
				writable="true" name="resource1Lable" required="false" cache-mode="inherit"
				queryable="true">
				<attribute name="propertySortPriority" value="14" />
			</property>
			<property expert="false" readable="true" column-name="resource1_url"
				display-name="resource1Url" data-type="string" hidden="false"
				writable="true" name="resource1Url" required="false" cache-mode="inherit"
				queryable="true">
				<attribute name="propertySortPriority" value="14" />
			</property>
			<property expert="false" readable="true" column-name="resource2_lable"
				display-name="resource2Lable" data-type="string" hidden="false"
				writable="true" name="resource2Lable" required="false" cache-mode="inherit"
				queryable="true">
				<attribute name="propertySortPriority" value="14" />
			</property>

			<property expert="false" readable="true" column-name="resource2_url"
				display-name="resource2Url" data-type="string" hidden="false"
				writable="true" name="resource2Url" required="false" cache-mode="inherit"
				queryable="true">
				<attribute name="propertySortPriority" value="14" />
			</property>

			<!-- Added for LSCA -->
			<property expert="false" readable="true" category="categoryPresentation"
				display-name="Configurable" data-type="boolean" hidden="false"
				writable="true" name="isConfigurable" required="false" cache-mode="inherit"
				queryable="true" column-names="configurable">
				<attribute name="propertySortPriority" value="16" />
			</property>

			<property name="metaDecriptionDefault" column-name="meta_decription"
				data-type="string" display-name="metaDecriptionDefault" required="false"
				readable="true" writable="true" queryable="true" hidden="false"
				expert="false" cache-mode="inherit">
				<attribute name="propertySortPriority" value="17" />
			</property>

			<property expert="false" readable="true" category="categoryPresentation"
				column-name="UNSPSC" display-name="UNSPSC" data-type="string"
				hidden="false" writable="true" name="UNSPSC" required="false"
				cache-mode="inherit" queryable="true">
				<attribute name="propertySortPriority" value="18" />
			</property>
			<property expert="false" readable="true" column-name="fieldA"
				display-name="fieldA" data-type="string" hidden="false" writable="true"
				name="fieldA" required="false" cache-mode="inherit" queryable="true">
				<attribute name="propertySortPriority" value="19" />
			</property>
			<property expert="false" readable="true" column-name="fieldB"
				display-name="fieldB" data-type="string" hidden="false" writable="true"
				name="fieldB" required="false" cache-mode="inherit" queryable="true">
				<attribute name="propertySortPriority" value="20" />
			</property>
			<property expert="false" readable="true" column-name="fieldC"
				display-name="fieldC" data-type="string" hidden="false" writable="true"
				name="fieldC" required="false" cache-mode="inherit" queryable="true">
				<attribute name="propertySortPriority" value="21" />
			</property>
			<property expert="false" readable="true" column-name="fieldD"
				display-name="fieldD" data-type="string" hidden="false" writable="true"
				name="fieldD" required="false" cache-mode="inherit" queryable="true">
				<attribute name="propertySortPriority" value="22" />
			</property>
			<property expert="false" readable="true" column-name="fieldE"
				display-name="fieldE" data-type="string" hidden="false" writable="true"
				name="fieldE" required="false" cache-mode="inherit" queryable="true">
				<attribute name="propertySortPriority" value="23" />
			</property>
			<property expert="false" readable="true" column-name="code_no"
				display-name="Code No" data-type="string" hidden="false" writable="true"
				name="codeNo" required="false" cache-mode="inherit" queryable="true">
				<attribute name="propertySortPriority" value="24" />
			</property>
			<property expert="false" readable="true" category-resource="categoryPresentation"
				column-name="catalog_id" display-name="catalogId" data-type="string"
				hidden="false" writable="true" name="catalogId" required="false"
				cache-mode="inherit" queryable="true">
				<attribute name="propertySortPriority" value="-4" />
			</property>
		</table>
		<!-- The list of parentCategories -->
		<table name="dcs_cat_parcat_feed" id-column-name="product_id"
			multi-column-name="sequence_num" type="multi" shared-table-sequence="2">
			<property expert="false" readable="true"
				component-data-type="string" category-resource="categoryCategorization"
				display-name-resource="parentCategories" writable="true" cache-mode="inherit"
				column-name="category_id" data-type="list" hidden="false" name="parentCategories"
				required="false" queryable="true">
				<attribute name="propertySortPriority" value="-9" />
				<attribute name="references" value="true" />
			</property>
		</table>

		<table name="dcs_prd_chldsku_feed" id-column-name="product_id"
			multi-column-name="sequence_num" type="multi" shared-table-sequence="1">
			<property expert="false" readable="true"
				component-data-type="string" category-resource="categoryProductSkus"
				display-name-resource="childSKUs" writable="true" cache-mode="inherit"
				column-name="sku_id" data-type="list" hidden="false" name="childSKUs"
				required="false" queryable="true">
				<attribute name="propertySortPriority" value="-4" />
				<attribute name="prohibitDuplicates" value="true" />
				<attribute name="uiCheckChildItemsSecurity" value="true" />
			</property>
		</table>

		<table name="agilent_prd_prd_xlate_feed" multi-column-name="locale"
			type="multi" id-column-names="product_id">
			<property name="translations" column-name="translation_id"
				data-type="map" component-item-type="productTranslation"
				display-name="Translations" display-name-resource="translations"
				required="false" readable="true" writable="true" queryable="true"
				hidden="false" expert="false" category-resource="categoryAppearance"
				cache-mode="inherit">

				<attribute name="propertySortPriority" value="-12" />
			</property>
		</table>

		<!-- fixed list of related products -->
		<table name="dcs_prd_rltdprd_feed" id-column-name="product_id"
			multi-column-name="sequence_num" type="multi" shared-table-sequence="1">
			<property expert="false" readable="true"
				component-data-type="string" category-resource="categoryCrossSells"
				display-name-resource="fixedRelatedProducts" writable="true"
				cache-mode="inherit" column-name="related_prd_id" data-type="list"
				hidden="false" name="fixedRelatedProducts" required="false"
				queryable="true">
				<attribute name="propertySortPriority" value="-4" />
				<attribute name="references" value="true" />
			</property>
		</table>

		<table name="agilent_search_keywords_feed" multi-column-name="sequence_num"
			type="multi" id-column-name="product_id">
			<property name="searchableKeywords" column-name="searchable_Keyword"
				data-type="list" component-data-type="string" display-name-resource="searchableKeywords"
				required="false" readable="true" writable="true" queryable="true"
				hidden="false" expert="false" category-resource="categoryCategorization"
				cache-mode="inherit">
				<attribute name="propertySortPriority" value="16" />
			</property>
		</table>

		<table name="agilent_meta_keywords_feed" id-column-name="product_id"
			type="multi" multi-column-name="sequence_num">
			<property expert="false" readable="true" category-resource="categoryCategorization"
				display-name-resource="metaKeywordsDefault" writable="true"
				cache-mode="inherit" column-name="meta_keywords" data-type="list"
				hidden="false" name="metaKeywordsDefault" required="false"
				component-data-type="string" queryable="true">
				<attribute name="propertySortPriority" value="16" />
			</property>
		</table>

	</item-descriptor>


	<!--/////////////////////////////// -->
	<!--productTranslation -->
	<!--/////////////////////////////// -->
	<item-descriptor name="productTranslation"
		display-name-resource="ProductTranslation" content="false" folder="false"
		use-id-for-path="false" display-property="displayName" hidden="false"
		expert="false" writable="true" cache-mode="simple" id-space-name="productTranslation"
		item-cache-size="1000" query-cache-size="1000" id-separator=":">

		<table name="agilent_prd_xlate_feed" type="primary"
			id-column-name="translation_id">
			<property expert="false" readable="true" column-name="translation_id"
				display-name-resource="id" data-type="string" hidden="false"
				writable="true" name="id" required="true" cache-mode="inherit"
				queryable="true">
				<attribute name="propertySortPriority" value="13" />
			</property>
			
			<property name="displayName" column-name="display_name"
				data-type="string" display-name-resource="displayName" required="false"
				readable="true" writable="true" queryable="true" hidden="false"
				expert="false" category-resource="categoryPresentation" cache-mode="inherit" />
			<property name="description" column-name="description"
				data-type="string" display-name-resource="description" required="false"
				readable="true" writable="true" queryable="true" hidden="false"
				expert="false" category-resource="categoryPresentation" cache-mode="inherit" />
			<property name="longDescription" column-name="long_description"
				data-type="big string" display-name-resource="longDescription"
				required="false" readable="true" writable="true" queryable="true"
				hidden="false" expert="false" category-resource="categoryPresentation"
				cache-mode="inherit" />
			<property name="title" column-names="title" data-type="string"
				display-name-resource="title" required="false" readable="true"
				writable="true" queryable="true" hidden="false" expert="false"
				category-resource="categoryPresentation" cache-mode="inherit" />
			<property name="metaDecription" column-name="meta_decription"
				data-type="string" display-name="metaDecription" required="false"
				readable="true" writable="true" queryable="true" hidden="false"
				expert="false" category="categoryPresentation" cache-mode="inherit" />
				
			
		</table>
		<table name="agilent_prd_xlate_kwr_feed" multi-column-name="sequence_num"
			type="multi" id-column-name="translation_id">
			<property name="keywords" column-name="keyword" data-type="list"
				component-data-type="string" display-name-resource="keywords"
				required="false" readable="true" writable="true" queryable="true"
				hidden="false" expert="false" category-resource="categoryCategorization"
				cache-mode="inherit">
				<attribute name="propertySortPriority" value="-12" />
			</property>
		</table>
		<table name="agilent_prd_xlate_metakwr_feed" multi-column-name="sequence_num"
			type="multi" id-column-name="translation_id">
			<property name="metaKeywords" column-name="meta_keywords"
				data-type="list" component-data-type="string" display-name-resource="metaKeywords"
				required="false" readable="true" writable="true" queryable="true"
				hidden="false" expert="false" category-resource="categoryCategorization"
				cache-mode="inherit">
				<attribute name="propertySortPriority" value="16" />
			</property>
		</table>
	</item-descriptor>


	<!--/////////////////////////////// -->
	<!--sku -->
	<!--/////////////////////////////// -->

	<item-descriptor expert="false" id-separator=":"
		display-name-resource="itemDescriptorSKU" writable="true" cache-mode="simple"
		id-space-name="sku" content="false" folder="false" default="false"
		sub-type-property="type" query-cache-size="1000" hidden="false" name="sku"
		display-property="displayNameDefault" use-id-for-path="false"
		item-cache-size="1000">
		<table name="dcs_sku_feed" id-column-name="sku_id" type="primary"
			shared-table-sequence="1">
			<property expert="true" readable="true" category-resource="categoryInfo"
				column-name="version" display-name-resource="version" data-type="int"
				hidden="false" writable="true" name="version" required="false"
				cache-mode="inherit" queryable="true">
				<attribute name="uiwritable" value="false" />
			</property>
			<property expert="false" readable="true" category-resource="categoryInfo"
				column-name="sku_id" display-name-resource="id" data-type="string"
				hidden="false" writable="true" name="id" required="true" cache-mode="inherit"
				queryable="true">
				<attribute name="uiwritable" value="false" />
				<attribute name="propertySortPriority" value="-4" />
			</property>
			<property expert="false" readable="true" category-resource="categoryInfo"
				column-name="creation_date" display-name-resource="creationDate"
				data-type="timestamp" hidden="false" writable="true" name="creationDate"
				required="false" cache-mode="inherit" queryable="true">
				<attribute name="uiwritable" value="false" />
				<attribute name="useNowForDefault" value="true" />
				<attribute name="propertySortPriority" value="-2" />
			</property>
			<property expert="false" readable="true" category-resource="categoryPublishing"
				column-name="start_date" display-name-resource="startDate"
				data-type="timestamp" hidden="false" writable="true" name="startDate"
				required="false" cache-mode="inherit" queryable="true">
				<attribute name="propertySortPriority" value="-2" />
			</property>
			<property expert="false" readable="true" category-resource="categoryPublishing"
				column-name="end_date" display-name-resource="endDate" data-type="timestamp"
				hidden="false" writable="true" name="endDate" required="false"
				cache-mode="inherit" queryable="true">
				<attribute name="propertySortPriority" value="-1" />
			</property>
			<property expert="false" readable="true" column-name="sku_type"
				data-type="enumerated" hidden="true" writable="true" name="type"
				required="false" cache-mode="inherit" queryable="true">
				<attribute name="uiwritable" value="false" />
				<attribute name="useCodeForValue" value="false" />
				<option value="sku" code="0" />
				<option value="configurableSku" code="4001" />
			</property>
			<property expert="false" readable="true" category-resource="categoryPricing"
				column-name="wholesale_price" display-name-resource="wholesalePrice"
				data-type="double" hidden="false" writable="true" name="wholesalePrice"
				required="false" cache-mode="inherit" queryable="true">
				<attribute name="propertySortPriority" value="-1" />
			</property>
			<property expert="false" readable="true" category-resource="categoryPricing"
				column-name="list_price" display-name-resource="listPrice"
				data-type="double" hidden="false" writable="true" name="listPrice"
				required="false" cache-mode="inherit" queryable="true">
				<attribute name="propertySortPriority" value="-4" />
			</property>
			<property expert="false" readable="true" category-resource="categoryPricing"
				column-name="sale_price" display-name-resource="salePrice"
				data-type="double" hidden="false" writable="true" name="salePrice"
				required="false" cache-mode="inherit" queryable="true">
				<attribute name="propertySortPriority" value="-2" />
			</property>
			<property expert="false" readable="true" category-resource="categoryPricing"
				display-name-resource="onSale" writable="true" cache-mode="inherit"
				column-name="on_sale" default="false" data-type="boolean" hidden="false"
				name="onSale" required="false" queryable="true">
				<attribute name="propertySortPriority" value="-3" />
			</property>
			<property expert="false" readable="true" column-name="fulfiller"
				data-type="enumerated" hidden="false" writable="true" name="fulfiller"
				required="false" cache-mode="inherit" queryable="true">
				<option value="fulfillerHardgoodFulfiller" code="0" />
				<option value="fulfillerSoftgoodFulfiller" code="1" />
				<attribute name="propertySortPriority" value="-2" />
			</property>
			<property expert="false" readable="true" category-resource="categoryMiscellaneous"
				display-name-resource="nonreturnable" writable="true" cache-mode="inherit"
				column-name="nonreturnable" default="false" data-type="boolean"
				hidden="false" name="nonreturnable" required="false" queryable="true">
				<attribute name="propertySortPriority" value="-3" />
			</property>
			<property expert="false" readable="true" column-name="manuf_part_num"
				category-resource="categoryBasics" data-type="String"
				display-name-resource="manufacturersPartNumber" hidden="false"
				writable="true" name="manufacturer_part_number" required="false"
				cache-mode="inherit" queryable="true">
				<attribute name="propertySortPriority" value="-9" />
			</property>
			<property expert="false" readable="true" category-resource="categoryBasics"
				column-name="display_name" display-name-resource="displayNameDefault"
				data-type="string" hidden="false" writable="true" name="displayNameDefault"
				required="false" cache-mode="inherit" queryable="true">
				<attribute name="propertySortPriority" value="-11" />
			</property>
			<property expert="false" readable="true" category-resource="categoryPresentation"
				column-name="description" display-name-resource="descriptionDefault"
				data-type="string" hidden="false" writable="true" name="descriptionDefault"
				required="false" cache-mode="inherit" queryable="true">
				<attribute name="propertySortPriority" value="-7" />
			</property>
			<property expert="false" readable="true" category-resource="categoryPresentation"
				column-name="catalog_id" display-name="catalogId" data-type="string"
				hidden="false" writable="true" name="catalogId" required="false"
				cache-mode="inherit" queryable="true">
				<attribute name="propertySortPriority" value="-4" />
			</property>
			<property expert="false" readable="true" category-resource="categoryPresentation"
				column-name="part_number" display-name="manualPubPartNumber"
				data-type="string" hidden="false" writable="true" name="manualPubPartNumber"
				required="false" cache-mode="inherit" queryable="true">
				<attribute name="propertySortPriority" value="-3" />
			</property>
			<property expert="false" readable="true" category-resource="categoryPresentation"
				column-name="cofA_part_number" display-name="cofAPubPartNumber"
				data-type="string" hidden="false" writable="true" name="cofAPubPartNumber"
				required="false" cache-mode="inherit" queryable="true">
				<attribute name="propertySortPriority" value="-3" />
			</property>
			<property expert="false" readable="true" category-resource="categoryPresentation"
				column-name="catalog_contents" display-name="catalogContents"
				data-type="string" hidden="false" writable="true" name="catalogContents"
				required="false" cache-mode="inherit" queryable="true">
				<attribute name="propertySortPriority" value="-1" />
			</property>
			<property expert="false" readable="true" category-resource="categoryPresentation"
				column-name="catalog_amount" display-name="catalogContents"
				data-type="string" hidden="false" writable="true" name="catalogAmount"
				required="false" cache-mode="inherit" queryable="true">
				<attribute name="propertySortPriority" value="0" />
			</property>
			<property expert="false" readable="true" category-resource="categoryPresentation"
				column-name="catalog_shipping_code" display-name="catalogShippingCode"
				data-type="string" hidden="false" writable="true" name="catalogShippingCode"
				required="false" cache-mode="inherit" queryable="true">
				<attribute name="propertySortPriority" value="1" />
			</property>
			<property expert="false" readable="true" category-resource="categoryPresentation"
				column-name="catalog_shipping_type" display-name="catalogShippingType"
				data-type="int" hidden="false" writable="true" name="catalogShippingType"
				required="false" cache-mode="inherit" queryable="true">
				<attribute name="propertySortPriority" value="2" />
			</property>
			<property expert="false" readable="true" category-resource="categoryPresentation"
				column-name="catalog_shipping_weight" display-name="catalogShippingWeight"
				data-type="float" hidden="false" writable="true" name="catalogShippingWeight"
				required="false" cache-mode="inherit" queryable="true">
				<attribute name="propertySortPriority" value="3" />
			</property>
			<property expert="false" readable="true" category-resource="categoryPresentation"
				column-name="sale_on_web" display-name="forSaleOnWeb" data-type="boolean"
				hidden="false" writable="true" name="forSaleOnWeb" required="false"
				cache-mode="inherit" queryable="true">
				<attribute name="propertySortPriority" value="4" />
			</property>
			<property expert="false" readable="true" category-resource="categoryPresentation"
				column-name="dangerous_good" display-name="isDangerousGood"
				data-type="boolean" hidden="false" writable="true" name="isDangerousGood"
				required="false" cache-mode="inherit" queryable="true">
				<attribute name="propertySortPriority" value="5" />
			</property>
			<property expert="false" readable="true" category-resource="categoryPresentation"
				column-name="licensed_good" display-name="isLicensedGood" data-type="boolean"
				hidden="false" writable="true" name="isLicensedGood" required="false"
				cache-mode="inherit" queryable="true">
				<attribute name="propertySortPriority" value="6" />
			</property>
			<property expert="false" readable="true" category-resource="categoryPresentation"
				column-name="custom_package" display-name="isCustomPackage"
				data-type="boolean" hidden="false" writable="true" name="isCustomPackage"
				required="false" cache-mode="inherit" queryable="true">
				<attribute name="propertySortPriority" value="7" />
			</property>
			<property expert="false" readable="true" category-resource="categoryPresentation"
				column-name="config_flag" display-name="isConfigFlag" data-type="boolean"
				hidden="false" writable="true" name="isConfigFlag" required="false"
				cache-mode="inherit" queryable="true">
				<attribute name="propertySortPriority" value="8" />
			</property>
			<property expert="false" readable="true" category-resource="categoryPresentation"
				column-name="earray_flag" display-name="isEarryFlag" data-type="boolean"
				hidden="false" writable="true" name="isEarrayFlag" required="false"
				cache-mode="inherit" queryable="true">
				<attribute name="propertySortPriority" value="9" />
			</property>
			<property expert="false" readable="true" category-resource="categoryPresentation"
				column-name="surefish_flag" display-name="isSureFishFlag" data-type="boolean"
				hidden="false" writable="true" name="isSureFishFlag" required="false"
				cache-mode="inherit" queryable="true">
				<attribute name="propertySortPriority" value="10" />
			</property>
			<property expert="false" readable="true" category-resource="categoryPresentation"
				column-name="kit" display-name="kit" data-type="string" hidden="false"
				writable="true" name="kit" required="false" cache-mode="inherit"
				queryable="true">
				<attribute name="propertySortPriority" value="11" />
			</property>
			<property expert="false" readable="true" category-resource="categoryPresentation"
				column-name="service" display-name="service" data-type="boolean"
				hidden="false" writable="true" name="service" required="false"
				cache-mode="inherit" queryable="true">
				<attribute name="propertySortPriority" value="12" />
			</property>
			<property expert="false" readable="true" category-resource="categoryPresentation"
				column-name="color" display-name="color" data-type="string" hidden="false"
				writable="true" name="color" required="false" cache-mode="inherit"
				queryable="true">
				<attribute name="propertySortPriority" value="13" />
			</property>
			<property expert="false" readable="true" category-resource="categoryPresentation"
				column-name="earray_design_number" display-name="eArrayDesignNumber"
				data-type="string" hidden="false" writable="true" name="eArrayDesignNumber"
				required="false" cache-mode="inherit" queryable="true">
				<attribute name="propertySortPriority" value="14" />
			</property>
			<property expert="false" readable="true" category-resource="categoryPresentation"
				column-name="priority" display-name="priority" data-type="int"
				hidden="false" writable="true" name="priority" required="false"
				cache-mode="inherit" queryable="true">
				<attribute name="propertySortPriority" value="15" />
			</property>
			<property expert="false" readable="true" category-resource="categoryPresentation"
				column-name="parent_catalog" display-name="parentCatalog" data-type="string"
				hidden="false" writable="true" name="parentCatalog" required="false"
				cache-mode="inherit" queryable="true">
				<attribute name="propertySortPriority" value="16" />
			</property>
			<property expert="false" readable="true" category-resource="categoryPresentation"
				column-name="product_type" display-name="productType" data-type="string"
				hidden="false" writable="true" name="productType" required="false"
				cache-mode="inherit" queryable="true">
				<attribute name="propertySortPriority" value="17" />
			</property>
			<property expert="false" readable="true" category-resource="categoryPresentation"
				display-name="isUS" writable="true" cache-mode="inherit"
				column-name="is_US" default="true" data-type="boolean" hidden="false"
				name="isUS" required="false" queryable="true">
				<attribute name="propertySortPriority" value="18" />
			</property>
			<property expert="false" readable="true" category-resource="categoryPresentation"
				column-name="allow_quick_order" default="true" display-name="allowQuickOrder"
				data-type="boolean" hidden="false" writable="true" name="allowQuickOrder"
				cache-mode="inherit" queryable="true">
				<attribute name="propertySortPriority" value="19" />
			</property>

			<!-- Added for LSCA -->
			<property expert="false" readable="true" category="categoryPresentation"
				column-name="cofa_Link" display-name="cofaLink" data-type="string"
				hidden="false" writable="true" name="cofaLink" required="false"
				cache-mode="inherit" queryable="true">
				<attribute name="propertySortPriority" value="20" />
			</property>
			<property expert="false" readable="true" category="categoryPresentation"
				column-name="product_line" display-name="productLine" data-type="string"
				hidden="false" writable="true" name="productLine" required="false"
				cache-mode="inherit" queryable="true">
				<attribute name="propertySortPriority" value="21" />
			</property>
			<property expert="false" readable="true" category="categoryPresentation"
				column-name="more_info_URL" display-name="MoreInfoURL" data-type="string"
				hidden="false" writable="true" name="moreInfoURL" required="false"
				cache-mode="inherit" queryable="true">
				<attribute name="propertySortPriority" value="22" />
			</property>
			<property expert="false" readable="true" category="categoryPresentation"
				column-name="MSDS_URL" display-name="MSDSURL" data-type="string"
				hidden="false" writable="true" name="MSDSURL" required="false"
				cache-mode="inherit" queryable="true">
				<attribute name="propertySortPriority" value="23" />
			</property>
			<property expert="false" readable="true" category="categoryPresentation"
				column-name="specs" display-name="specs" data-type="string" hidden="false"
				writable="true" name="specsDefault" required="false" cache-mode="inherit"
				queryable="true">
				<attribute name="propertySortPriority" value="24" />
			</property>
			<property expert="false" readable="true" category="categoryPresentation"
				column-name="cage_size" display-name="cageSize" data-type="string"
				hidden="false" writable="true" name="cageSize" required="false"
				cache-mode="inherit" queryable="true">
				<attribute name="propertySortPriority" value="25" />
			</property>
			<property expert="false" readable="true" category="categoryPresentation"
				column-name="SAP_description" display-name="SAPDescription"
				data-type="string" hidden="false" writable="true" name="SAPDescription"
				required="false" cache-mode="inherit" queryable="true">
				<attribute name="propertySortPriority" value="26" />
			</property>
			<property expert="false" readable="true" category="categoryPresentation"
				column-name="manufacturer_name" display-name="manufacturerName"
				data-type="string" hidden="false" writable="true" name="manufacturerName"
				required="false" cache-mode="inherit" queryable="true">
				<attribute name="propertySortPriority" value="27" />
			</property>
			<property expert="false" readable="true" category="categoryPresentation"
				column-name="unit" display-name="unit" data-type="string" hidden="false"
				writable="true" name="unitDefault" required="false" cache-mode="inherit"
				queryable="true">
				<attribute name="propertySortPriority" value="28" />
			</property>

			<property expert="false" readable="true" category="categoryPresentation"
				column-name="component_features" display-name="componentFeatures"
				data-type="string" hidden="false" writable="true"
				name="componentFeaturesDefault" required="false" cache-mode="inherit"
				queryable="true">
				<attribute name="propertySortPriority" value="30" />
			</property>
			<property expert="false" readable="true" category="categoryPresentation"
				column-name="tds_URL" display-name="Technical Data Sheet URL"
				data-type="string" hidden="false" writable="true" name="tdsURL"
				required="false" cache-mode="inherit" queryable="true">
				<attribute name="propertySortPriority" value="31" />
			</property>
			<property expert="false" readable="true" category="categoryPresentation"
				column-name="technique_intro" display-name="Technique Introduction"
				data-type="string" hidden="false" writable="true" name="techniqueIntroDefault"
				required="false" cache-mode="inherit" queryable="true">
				<attribute name="propertySortPriority" value="32" />
			</property>
			<property expert="false" readable="true" category="categoryPresentation"
				column-name="temp_range" display-name="TempRange" data-type="string"
				hidden="false" writable="true" name="tempRange" required="false"
				cache-mode="inherit" queryable="true">
				<attribute name="propertySortPriority" value="33" />
			</property>
			<property expert="false" readable="true" category="categoryPresentation"
				column-name="typical_applications" display-name="Typical Applications"
				data-type="string" hidden="false" writable="true"
				name="typicalApplicationsDefault" required="false" cache-mode="inherit"
				queryable="true">
				<attribute name="propertySortPriority" value="34" />
			</property>
			<property expert="false" readable="true" category="categoryPresentation"
				column-name="alt_image_text" display-name="altImageTextDefault"
				data-type="string" hidden="false" writable="true" name="altImageTextDefault"
				required="false" cache-mode="inherit" queryable="true">
				<attribute name="propertySortPriority" value="35" />
			</property>

			<property expert="false" readable="true" category-resource="categoryPresentation"
				column-name="radioactive" display-name="isRadioactive" data-type="boolean"
				hidden="false" writable="true" name="isRadioactive" required="false"
				cache-mode="inherit" queryable="true">
				<attribute name="propertySortPriority" value="36" />
			</property>
			<property expert="false" readable="true" category-resource="categoryPresentation"
				column-name="exchange" display-name="isExchange" data-type="boolean"
				hidden="false" writable="true" name="isExchange" required="false"
				cache-mode="inherit" queryable="true">
				<attribute name="propertySortPriority" value="37" />
			</property>
			<property expert="false" readable="true" category-resource="categoryPresentation"
				column-name="partial" display-name="isPartial" data-type="boolean"
				hidden="false" writable="true" name="isPartial" required="false"
				cache-mode="inherit" queryable="true">
				<attribute name="propertySortPriority" value="38" />
			</property>
			<property expert="false" readable="true" category-resource="categoryPresentation"
				column-name="hazardous_material" display-name="isHazardousMaterial"
				data-type="boolean" hidden="false" writable="true" name="isHazardousMaterial"
				required="false" cache-mode="inherit" queryable="true">
				<attribute name="propertySortPriority" value="39" />
			</property>
			<property expert="false" readable="true" category-resource="categoryPresentation"
				column-name="controlled_material" display-name="isControlledMaterial"
				data-type="boolean" hidden="false" writable="true" name="isControlledMaterial"
				required="false" cache-mode="inherit" queryable="true">
				<attribute name="propertySortPriority" value="40" />
			</property>
			<property expert="false" readable="true" category-resource="categoryPresentation"
				column-name="SAP_status" display-name="isSAPStatus" data-type="boolean"
				hidden="false" writable="true" name="isSAPStatus" required="false"
				cache-mode="inherit" queryable="true">
				<attribute name="propertySortPriority" value="41" />
			</property>
			<property expert="false" readable="true" category="categoryPresentation"
				column-name="SAP_part_number" display-name="SAPPartNumber"
				data-type="string" hidden="false" writable="true" name="SAPPartNumber"
				required="false" cache-mode="inherit" queryable="true">
				<attribute name="propertySortPriority" value="42" />
			</property>
			<property expert="false" readable="true" category-resource="categoryPresentation"
				column-name="product_image_URL" display-name="productImageURL"
				data-type="string" hidden="false" writable="true" name="productImageURL"
				required="false" cache-mode="inherit" queryable="true">
				<attribute name="propertySortPriority" value="43" />
			</property>
			<property expert="false" readable="true" category-resource="categoryPresentation"
				column-name="BOM" display-name="isBOM" data-type="boolean" hidden="false"
				writable="true" name="isBOM" required="false" cache-mode="inherit"
				queryable="true">
				<attribute name="propertySortPriority" value="44" />
			</property>
			<property expert="false" readable="true" category="categoryPresentation"
				column-name="replacement_part_number" display-name="Replacement Part Number"
				data-type="string" hidden="false" writable="true" name="replacementPartNumber"
				required="false" cache-mode="inherit" queryable="true">
				<attribute name="propertySortPriority" value="44" />
			</property>
			<property expert="false" readable="true" category="categoryPresentation"
				column-name="phase" display-name="phase" data-type="string" hidden="false"
				writable="true" name="phase" required="false" cache-mode="inherit"
				queryable="true">
				<attribute name="propertySortPriority" value="46" />
			</property>
			<property expert="false" readable="true" category="categoryPresentation"
				column-name="inner_diameter" display-name="innerDiameter" data-type="string"
				hidden="false" writable="true" name="innerDiameter" required="false"
				cache-mode="inherit" queryable="true">
				<attribute name="propertySortPriority" value="47" />
			</property>
			<property expert="false" readable="true" category="categoryPresentation"
				column-name="length" display-name="length" data-type="string"
				hidden="false" writable="true" name="length" required="false"
				cache-mode="inherit" queryable="true">
				<attribute name="propertySortPriority" value="48" />
			</property>
			<property expert="false" readable="true" category="categoryPresentation"
				column-name="particle_size" display-name="particleSize" data-type="string"
				hidden="false" writable="true" name="particleSize" required="false"
				cache-mode="inherit" queryable="true">
				<attribute name="propertySortPriority" value="49" />
			</property>
			<property expert="false" readable="true" category="categoryPresentation"
				column-name="sku_mode" display-name="mode" data-type="string"
				hidden="false" writable="true" name="mode" required="false"
				cache-mode="inherit" queryable="true">
				<attribute name="propertySortPriority" value="50" />
			</property>
			<property expert="false" readable="true" category="categoryPresentation"
				column-name="brand" display-name="brand" data-type="string" hidden="false"
				writable="true" name="brand" required="false" cache-mode="inherit"
				queryable="true">
				<attribute name="propertySortPriority" value="51" />
			</property>
			<property expert="false" readable="true" category="categoryPresentation"
				column-name="sorbent" display-name="sorbent" data-type="string"
				hidden="false" writable="true" name="sorbent" required="false"
				cache-mode="inherit" queryable="true">
				<attribute name="propertySortPriority" value="52" />
			</property>
			<property expert="false" readable="true" column-name="new_item"
				data-type="boolean" hidden="false" writable="true" name="isNew"
				required="false" cache-mode="inherit" queryable="true">
				<attribute name="propertySortPriority" value="7" />
			</property>
			<property expert="false" readable="true" column-name="modified_item"
				data-type="boolean" hidden="false" writable="true" name="isModified"
				required="false" cache-mode="inherit" queryable="true">
				<attribute name="propertySortPriority" value="8" />
			</property>
			<property expert="false" readable="true" column-name="deleted_item"
				data-type="boolean" hidden="false" writable="true" name="isDeleted"
				required="false" cache-mode="inherit" queryable="true">
				<attribute name="propertySortPriority" value="9" />
			</property>
			<property expert="false" readable="true" category="categoryPresentation"
				display-name="Configurable" data-type="boolean" hidden="false"
				writable="true" name="isConfig" required="false" cache-mode="inherit"
				queryable="true" column-names="configurable">
				<attribute name="propertySortPriority" value="10" />
			</property>
		</table>
		<table name="dcs_prd_parsku_feed" id-column-name="sku_id" type="multi"
			multi-column-name="sequence_num" shared-table-sequence="2">
			<property expert="false" readable="true"
				component-data-type="string" category-resource="categoryParents"
				display-name-resource="parentProducts" writable="true" cache-mode="inherit"
				column-name="product_id" data-type="list" hidden="false" name="parentProducts"
				required="false" queryable="true">
				<attribute name="propertySortPriority" value="-4" />
				<attribute name="references" value="true" />
			</property>
		</table>

		<table name="agilent_sku_sku_xlate_feed" multi-column-name="locale"
			type="multi" id-column-names="sku_id">
			<property name="translations" column-name="translation_id"
				data-type="map" component-item-type="skuTranslation" display-name="Translations"
				display-name-resource="translations" required="false" readable="true"
				writable="true" queryable="true" hidden="false" expert="false"
				category-resource="categoryAppearance" cache-mode="inherit">
				<attribute name="propertySortPriority" value="-12" />
			</property>
		</table>

	</item-descriptor>


	<!--/////////////////////////////// -->
	<!--skuTranslation -->
	<!--/////////////////////////////// -->
	<item-descriptor name="skuTranslation"
		display-name-resource="SkuTranslation" content="false" folder="false"
		use-id-for-path="false" display-property="displayName" hidden="false"
		expert="false" writable="true" cache-mode="simple" id-space-name="skuTranslation"
		item-cache-size="1000" query-cache-size="1000" id-separator=":">

		<table name="agilent_sku_xlate_feed" type="primary"
			id-column-name="translation_id">
			
			<property expert="false" readable="true" column-name="translation_id"
				display-name-resource="id" data-type="string" hidden="false"
				writable="true" name="id" required="true" cache-mode="inherit"
				queryable="true">
				<attribute name="propertySortPriority" value="13" />
			</property>
			
			<property name="displayName" column-names="display_name"
				data-types="string" display-name-resource="displayName" required="false"
				readable="true" writable="true" queryable="true" hidden="false"
				expert="false" category-resource="categoryPresentation" cache-mode="inherit" />
			<property name="description" column-names="description"
				data-types="string" display-name-resource="description" required="false"
				readable="true" writable="true" queryable="true" hidden="false"
				expert="false" category-resource="categoryPresentation" cache-mode="inherit" />
			<property name="specs" column-name="specs" data-type="string"
				display-name="specs" required="false" readable="true" writable="true"
				queryable="true" hidden="false" expert="false" category="categoryPresentation"
				cache-mode="inherit" />
			<property name="unit" column-name="unit" data-type="string"
				display-name="unit" required="false" readable="true" writable="true"
				queryable="true" hidden="false" expert="false" category="categoryPresentation"
				cache-mode="inherit" />
			<property name="componentFeatures" column-name="component_features"
				data-type="string" display-name="componentFeatures" required="false"
				readable="true" writable="true" queryable="true" hidden="false"
				expert="false" category="categoryPresentation" cache-mode="inherit" />
			<property name="techniqueIntro" column-name="technique_intro"
				data-type="string" display-name="Technique Introduction" required="false"
				readable="true" writable="true" queryable="true" hidden="false"
				expert="false" category="categoryPresentation" cache-mode="inherit" />
			<property name="typicalApplications" column-name="typical_applications"
				data-type="string" display-name="Typical Applications" required="false"
				readable="true" writable="true" queryable="true" hidden="false"
				expert="false" category="categoryPresentation" cache-mode="inherit" />
			<property name="altImageText" column-name="alt_image_text"
				data-type="string" display-name="altImageTextDefault" required="false"
				readable="true" writable="true" queryable="true" hidden="false"
				expert="false" category="categoryPresentation" cache-mode="inherit" />
			
		</table>
	</item-descriptor>


</gsa-template>	