<?xml version="1.0" encoding="UTF-8"?>
<!DOCTYPE gsa-template SYSTEM "dynamosystemresource:/atg/dtds/gsa/gsa_1.0.dtd">
<!--This file was generated by the ATG Repository Editor plugin -->
<gsa-template>
	<item-descriptor name="fileHistory"
		display-name-resource="fileHistory">
		<table name="agilent_file_history" type="primary"
			id-column-name="file_name">
			<property name="fileName" column-names="file_name"
				data-types="string" />
			<property name="fileDate" column-names="file_date"
				data-types="timestamp" />
			<property name="fileState" column-names="file_state"
				data-types="string" />
		</table>
	</item-descriptor>
	<item-descriptor name="projectHistory"
		display-name-resource="projectHistory">
		<table name="agilent_project_history" type="primary"
			id-column-name="file_name">
			<property name="projectName" column-names="file_name"
				data-types="string" />
			<property name="projectCreationDate" column-names="project_creation_date"
				data-types="timestamp" />
		</table>
	</item-descriptor>
	<item-descriptor name="schedulerStatus"
		display-name-resource="schedulerStatus">
		<table name="agilent_scheduler_status" type="primary"
			id-column-name="scheduler_name">
			<property name="schedulerName" column-names="scheduler_name"
				data-types="string" />
			<property name="lastSchedulerRunDate" column-names="last_Scheduler_Run_Date"
				data-types="timestamp" />
			<property name="schedulerRunningStatus" column-names="scheduler_Running_Status"
				data-types="string" />
		</table>
	</item-descriptor>
</gsa-template>	