<?xml version="1.0" encoding="utf-8"?>
<!DOCTYPE urlrewrite PUBLIC "-//tuckey.org//DTD UrlRewrite 4.0//EN"
        "http://www.tuckey.org/res/dtds/urlrewrite4.0.dtd">

<!-- Configuration file for UrlRewriteFilter http://www.tuckey.org/urlrewrite/ -->
<urlrewrite use-query-string="true">
 
     <rule>
		<condition name="host" operator="equal">(chem.agilent.com|stgwww.cos.agilent.com)</condition>
		<from>^/(home.jsp)$</from>
		<to type="redirect">/store/home.jsp</to>
	</rule>
	
	<rule>
		<condition name="host" operator="equal">(genomics.agilent.com|staging.genomics.agilent.com)</condition>
		<from>^/(home.jsp)$</from>
		<to type="redirect">/home.jsp</to>
	</rule>
</urlrewrite>


