<?xml version="1.0" encoding="ISO-8859-1" ?>
<gsa-template>
	<item-descriptor name="user">
		<table name="dpi_user" type="primary" id-column-name="id">
			<property name="acl" column-name="acl" data-type="string"
				display-name-resource="acl"
				property-type="com.agilent.profile.repository.ACLInternalProfilePropertyDescriptor">
				<attribute name="propertySortPriority" value="150" />
			</property>
			<property name="property_acl" column-name="property_acl" data-type="string"
				display-name-resource="property_acl">
				<attribute name="propertySortPriority" value="190" />
			</property>
		</table>
	</item-descriptor>
	<item-descriptor name="role">
		<table name="dpi_role" id-column-name="role_id" type="primary">
			<property name="acl" column-name="acl" data-type="string"
				display-name-resource="acl">
				<attribute name="propertySortPriority" value="160" />
			</property>
		</table>
	</item-descriptor>
	<item-descriptor name="organization">
		<table name="dpi_organization">
			<property name="acl" column-name="acl" data-type="string"
				display-name-resource="acl">
				<attribute name="propertySortPriority" value="170" />
			</property>
		</table>
	</item-descriptor>
	<item-descriptor name="genericFolder">
		<table name="dpi_folder">
			<property name="acl" column-name="acl" data-type="string"
				display-name-resource="acl">
				<attribute name="propertySortPriority" value="180" />
			</property>
		</table>
	</item-descriptor>
	
	
</gsa-template>
<!-- @version $Id: //product/DPS/version/10.1.1/templates/DPS/InternalUsers/config/atg/userprofiling/internalUserProfile.xml#1 
	$$Change: 690623 $ -->
