<?xml version="1.0" encoding="UTF-8" standalone="no"?>
<!DOCTYPE secured-repository-template
PUBLIC "-//Art Technology Group, Inc.//DTD Dynamo Security//EN"
"http://www.atg.com/dtds/security/secured_repository_template_1.1.dtd">
<secured-repository-template>
	<item-descriptor name="role">
		<acl-property name="acl" />
		<descriptor-acl
			value="Profile$role$epubSuperAdmin:create,write,delete,read;Profile$role$CSR:read,write,delete;Profile$role$user_profiles:read,write,delete;" />
		<creation-base-acl
			value="Profile$role$epubSuperAdmin:read,write,list,destroy,read_owner,write_owner,read_acl,write_acl;Profile$role$CSR:read,write,list,destroy,read_owner,write_owner,read_acl,write_acl;Profile$role$user_profiles:read,write,list,destroy,read_owner,write_owner,read_acl,write_acl;" />
	</item-descriptor>
	<item-descriptor name="organization">
		<acl-property name="acl" />
		<descriptor-acl
			value="Profile$role$epubSuperAdmin:create,write,delete,read;Profile$role$CSR:read,write,delete;Profile$role$user_profiles:read,write,delete;" />
		<creation-base-acl
			value="Profile$role$epubSuperAdmin:read,write,list,destroy,read_owner,write_owner,read_acl,write_acl;Profile$role$CSR:read,write,list,destroy,read_owner,write_owner,read_acl,write_acl;Profile$role$user_profiles:read,write,list,destroy,read_owner,write_owner,read_acl,write_acl;"  />
	</item-descriptor>
	<item-descriptor name="genericFolder">
		<acl-property name="acl" />
		<descriptor-acl
			value="Profile$role$epubSuperAdmin:create,write,delete,read;Profile$role$CSR:create,write,delete,read;Profile$role$user_profiles:create,write,delete,read;" />
		<creation-base-acl
			value="Profile$role$epubSuperAdmin:read,write,list,destroy,read_owner,write_owner,read_acl,write_acl;Profile$role$CSR:read,write,list,destroy,read_owner,write_owner,read_acl,write_acl;Profile$role$user_profiles:read,write,list,destroy,read_owner,write_owner,read_acl,write_acl;" />
	</item-descriptor>

	<item-descriptor name="user">
		<acl-property name="acl" />
		<descriptor-acl
			value="Profile$role$portal-admin:read,write,delete;Profile$role$epubSuperAdmin:create,write,delete,read;Profile$role$CSR:read,write,delete;Profile$role$user_profiles:read,write,delete;" />
		<creation-base-acl value="Profile$role$epubSuperAdmin:read,list;Profile$role$CSR:read,list;Profile$role$user_profiles:read,list;" />
		<property name="roles">
			<acl-property name="property_acl" />
			<descriptor-acl value="Profile$role$epubSuperAdmin:write,read;Profile$role$CSR:write,read;Profile$role$user_profiles:write,read;" />
			<creation-base-acl value="Profile$role$epubSuperAdmin:read,write;Profile$role$CSR:read,write;Profile$role$user_profiles:read;" />
		</property>
	</item-descriptor>
</secured-repository-template>

