<?xml version="1.0" encoding="ISO-8859-1" ?>
<gsa-template xml-combine="append">
    <header>
        <name>Agilent User Profile Changes</name>
    </header>
    <item-descriptor name="user" display-name-resource="itemDescriptorUser" default="true" sub-type-property="userType" content="false" folder="false"
        use-id-for-path="false" display-property="email" hidden="false" expert="false" writable="true" id-separator=":" cache-mode="distributedHybrid">
        <table name="agilent_user_email" type="auxiliary" id-column-name="id" shared-table-sequence="1">
            <property name="TO" data-type="string" column-name="email_to" display-name="TO" required="false" readable="true" writable="true" queryable="true" hidden="false"
                expert="false" cache-mode="inherit" category="Agilent Email">
                <attribute value="1" name="propertySortPriority" />
                <attribute name="uiwritable" value="false" />
            </property>
            <property name="CC" data-type="string" column-name="CC" display-name="CC" required="false" readable="true" writable="true" queryable="true" hidden="false"
                expert="false" cache-mode="inherit" category="Agilent Email">
                <attribute value="2" name="propertySortPriority" />
            </property>
            <property name="BCC" data-type="string" column-name="BCC" display-name="BCC" required="false" readable="true" writable="true" queryable="true" hidden="false"
                expert="false" cache-mode="inherit" category="Agilent Email">
                <attribute value="3" name="propertySortPriority" />
            </property>
            <property name="Subject" data-type="string" column-name="subject" default="Agilent eCommerce account" display-name="Subject" required="false" readable="true"
                writable="true" queryable="true" hidden="false" expert="false" cache-mode="inherit" category="Agilent Email">
                <attribute value="4" name="propertySortPriority" />
            </property>
            <property name="lastMailed" expert="false" readable="true" category="Agilent Email" column-name="last_mailed" display-name-resource="lastEmailed"
                data-type="timestamp" hidden="false" writable="true" required="false" cache-mode="inherit" queryable="true">
                <attribute name="propertySortPriority" value="5" />
                <attribute name="uiwritable" value="false" />
            </property>
        </table>
        <property name="SendEmail" data-type="boolean" default="false" display-name="Send Email" required="false" readable="true" writable="true" queryable="true"
            hidden="false" expert="false" cache-mode="inherit" category="Agilent Email">
            <attribute value="6" name="propertySortPriority" />
        </property>
        <table name="agilent_user_ext" type="auxiliary" id-column-names="user_id" xml-combine="replace">
            <property name="adLoginName" column-name="ad_login_name" data-type="string" required="false" readable="true" writable="true" queryable="true" hidden="false"
                expert="false" cache-mode="inherit" category="Agilent Custom">
                <attribute name="propertySortPriority" value="-11" />
                <attribute name="uiwritable" value="false" />
            </property>
            <property name="eCommStatus" data-type="enumerated" required="false" column-name="ecomm_status" readable="true" writable="true" queryable="true" hidden="false"
                expert="false" cache-mode="inherit" category="Agilent Custom" default="WEB">
                <attribute name="useCodeForValue" value="false" />
                <attribute name="uiwritable" value="false" />
                <attribute name="propertySortPriority" value="-10" />
                <option value="WEB" code="10001" />
                <option value="SAP" code="10002" />
            </property>
            <property name="sapContactNumber" column-name="sap_customer_id" data-type="string" display-name-resource="Primary ECC Contact Number" description="stores the SAP Contact Id"
                required="false" readable="true" writable="true" queryable="true" hidden="false" expert="false" category="Agilent Custom">
                <attribute name="propertySortPriority" value="-9" />
                <attribute name="uiwritable" value="false" />
            </property>
            <property name="sapSalesOrg" data-type="string" required="false" readable="true" writable="true" queryable="true" hidden="false" expert="false"
                cache-mode="inherit" category="Agilent Custom">
                <attribute name="propertySortPriority" value="-8" />
                <attribute name="uiwritable" value="false" />
            </property>
            <property name="memberType" data-type="enumerated" required="false" column-name="mem_type" readable="true" writable="true" queryable="true" hidden="false"
                expert="false" cache-mode="inherit" category="Agilent Custom" default="member">
                <attribute name="useCodeForValue" value="false" />
                <attribute name="propertySortPriority" value="-7" />
                <attribute name="uiwritable" value="false" />
                <option value="member" code="10001" />
                <option value="distributor" code="10002" />
            </property>
            <property name="userCountry" column-name="user_country" data-type="string" required="false" readable="true" writable="true" queryable="true" hidden="false"
                expert="false" cache-mode="inherit" category="Agilent Custom">
                <attribute name="propertySortPriority" value="-6" />
                <attribute name="uiwritable" value="false" />
            </property>
            <property name="sapMasterAccount" column-name="sap_master_account" data-type="boolean" required="false" readable="true" writable="true" queryable="true"
                hidden="false" expert="false" cache-mode="inherit" category="Agilent Custom">
                <attribute name="propertySortPriority" value="-5" />
                <attribute name="uiwritable" value="false" />
            </property>
            <property name="punchoutMember" data-type="string" required="false" readable="true" writable="true" queryable="true" hidden="false" expert="false"
                cache-mode="inherit" category="Agilent Custom">
                <attribute name="propertySortPriority" value="-4" />
                <attribute name="uiwritable" value="false" />
            </property>
            <property name="includePunchoutShipping" column-name="include_punchout_shipping" data-type="boolean" default="false" category="Agilent Custom">
                <attribute name="propertySortPriority" value="-3" />
                <attribute name="uiwritable" value="false" />
            </property>
            <property name="includePunchoutTaxes" column-name="include_punchout_taxes" data-type="boolean" default="false" category="Agilent Custom">
                <attribute name="propertySortPriority" value="-2" />
                <attribute name="uiwritable" value="false" />
            </property>
            <property name="FEDEXUPSCollectNumber" column-name="fedex_collect_num" data-type="string" required="false" readable="true" writable="true" queryable="true"
                hidden="false" expert="false" category="Agilent Custom" cache-mode="inherit">
                <attribute name="uiwritable" value="false" />
            </property>
            <property name="UPSCollectNumber" column-name="ups_collect_num" data-type="string" required="false" readable="true" writable="true" queryable="true"
                hidden="false" expert="false" category="Agilent Custom" cache-mode="inherit">
                <attribute name="uiwritable" value="false" />
            </property>
            <property name="defaultShippingMethod" column-name="dflt_ship_mthd" data-type="string" default="standardShipping" required="false" readable="true"
                writable="true" queryable="true" hidden="false" expert="false" category="Agilent Custom" cache-mode="inherit">
                <attribute name="uiwritable" value="false" />
            </property>
            <property name="defaultPaymentMethod" column-name="dflt_pymnt_mthd" data-type="string" default="purchaseOrder" required="false" readable="true" writable="true"
                queryable="true" hidden="false" expert="false" category="Agilent Custom" cache-mode="inherit">
                <attribute name="uiwritable" value="false" />
            </property>
            <property name="taxExempted" column-name="tax_exempt" data-type="boolean" required="false" readable="true" writable="true" queryable="true" default="false"
                hidden="false" expert="false" category="Agilent Custom" cache-mode="inherit">
                <attribute name="uiwritable" value="false" />
            </property>
            <property name="taxExempteNumber" column-name="tax_exempt_number" data-type="string" required="false" readable="true" writable="true" queryable="true"
                hidden="false" expert="false" category="Agilent Custom" cache-mode="inherit">
                <attribute name="uiwritable" value="false" />
            </property>
            <property name="taxExemptCertificatePath" column-name="tax_exempt_cert_path" data-type="string" required="false" readable="true" writable="true"
                queryable="true" hidden="false" expert="false" category="Agilent Custom" cache-mode="inherit">
                <attribute name="uiwritable" value="false" />
            </property>
            <property name="sapCustomerNumber" column-name="sap_customer_id" data-type="string" display-name-resource="SAP Contact Number" description="stores the SAP Contact Id"
                required="false" readable="true" writable="false" queryable="true" hidden="true" expert="false" category="Agilent Custom">
                <attribute name="uiwritable" value="false" />
            </property>
            <property name="placeOnlineOrders" column-name="enable_commerce" data-type="boolean" required="false" readable="true" writable="true" queryable="true"
                default="true" hidden="false" expert="false" category="Agilent Custom" cache-mode="inherit">
                <attribute name="uiwritable" value="false" />
            </property>
            <property name="accessLibrayOptIn" column-name="access_Libray_OptIn" data-type="boolean" default="false" required="false" readable="true" writable="true"
                queryable="true" hidden="false" expert="false" category="Agilent Custom" cache-mode="inherit">
                <attribute name="uiwritable" value="false" />
            </property>
            <property name="isMossDownWhenRegister" column-name="moss_down_when_register" default="false" data-type="boolean" required="false" readable="true"
                writable="true" queryable="true" hidden="false" expert="false" cache-mode="inherit" category="Agilent Custom">
                <attribute name="uiwritable" value="false" />
            </property>
            <property name="defaultSAPShipToAddress" column-name="sap_shipto_address" data-type="string" required="false" readable="true" writable="true" queryable="true"
                hidden="false" expert="false" category="Agilent Custom" cache-mode="inherit">
                <attribute name="uiwritable" value="false" />
            </property>
            <property name="defaultSAPBillToAddress" column-name="sap_billto_address" data-type="string" required="false" readable="true" writable="true" queryable="true"
                hidden="false" expert="false" category="Agilent Custom" cache-mode="inherit">
                <attribute name="uiwritable" value="false" />
            </property>
            <property name="shippAddType" column-name="default_shipadd_type" data-type="string" required="false" readable="true" writable="true" queryable="true"
                hidden="false" expert="false" cache-mode="inherit" category="Agilent Custom">
                <attribute name="uiwritable" value="false" />
            </property>
            <property name="testAccount" column-name="test_account" data-type="boolean" required="false" readable="true" writable="true" queryable="true" default="false"
                hidden="false" expert="false" category="Agilent Custom" cache-mode="inherit">
                <attribute name="uiwritable" value="false" />
            </property>
            <property name="directorAccount" column-name="sap_director_account" data-type="boolean" required="false" readable="true" writable="true" queryable="true"
                hidden="false" expert="false" cache-mode="inherit" category="Agilent Custom">
                <attribute name="uiwritable" value="false" />
            </property>
            <property name="dropShipment" column-name="drop_Shipment" data-type="boolean" default="true" required="false" readable="true" writable="true" queryable="true"
                hidden="false" expert="false" cache-mode="inherit" category="Agilent Custom">
                <attribute name="uiwritable" value="false" />
            </property>
            <property name="showDutyFreePrice" column-name="show_duty_free_price" data-type="boolean" default="false" required="false" readable="true" writable="true"
                queryable="true" hidden="false" expert="false" cache-mode="inherit" category="Agilent Custom">
                <attribute name="uiwritable" value="false" />
            </property>
            <property expert="false" readable="true" writable="true" required="false" hidden="false" column-name="payer_invoice_email" cache-mode="inherit" data-type="string"
                name="payerInvoiceEmail" queryable="true">
                <attribute value="30" name="propertySortPriority" />
                <attribute name="uiwritable" value="false" />
            </property>
            <property name="isAddFileUploaded" column-name="add_file_uploaded" data-type="boolean" required="false" readable="true" writable="true" queryable="true"
                default="false" hidden="false" expert="false" cache-mode="inherit">
                <attribute name="uiwritable" value="false" />
            </property>
            <!--AAP-996 -->
            <property name="advShpDisable" column-name="adv_ShpDisable" display-name="Advanced Shipping Disable" data-type="boolean" default="false" required="false"
                readable="true" writable="true" queryable="true" hidden="false" expert="false" cache-mode="inherit" category="Agilent Custom">
                <attribute name="uiwritable" value="false" />
            </property>
            <!-- Jaguar BCC External User Management start -->
            <property name="partnerName" column-name="partnerName" data-type="string" required="false" readable="true" writable="true" queryable="true" hidden="false"
                expert="false" cache-mode="inherit" category="Agilent Custom">
                <attribute name="uiwritable" value="false" />
            </property>
            <property name="partnerIdentifier" column-name="partnerIdentifier" data-type="string" required="false" readable="true" writable="true" queryable="true"
                hidden="false" expert="false" cache-mode="inherit" category="Agilent Custom">
                <attribute name="uiwritable" value="false" />
            </property>
            <property name="groupId" column-name="groupId" data-type="string" required="false" readable="true" writable="true" queryable="true" hidden="false" expert="false"
                cache-mode="inherit" category="Agilent Custom">
                <attribute name="uiwritable" value="false" />
            </property>
            <property name="b2bUser" column-name="b2b_User_Flag" data-type="boolean" required="false" readable="true" writable="true" queryable="true" hidden="false"
                expert="false" cache-mode="inherit" category="Agilent Custom">
                <attribute name="uiwritable" value="false" />
            </property>
            <property name="deliveryBlockAccount" column-name="enable_delivery_block" default="false" data-type="boolean" required="false" readable="true" writable="true"
                queryable="true" hidden="false" expert="false" cache-mode="inherit" category="Agilent Custom">
                <attribute name="uiwritable" value="true" />
            </property>
            <property name="productLineDeliveryBlock" column-name="productLine_Delivery_Block" display-name="DB only these ProductLines" default="false" data-type="string" required="false" readable="true" writable="true"
                queryable="true" hidden="false" expert="false" cache-mode="inherit" category="Agilent Custom" />
            <property name="crmContactId" column-name="crm_contact_id" data-type="string" display-name-resource="CRM Contact Number" description="stores the CRM Contact Id"
                required="false" readable="true" writable="true" queryable="true" hidden="false" expert="false" category="Agilent Custom">
                <attribute name="propertySortPriority" value="-9" />
            </property>
        </table>
        <table name="dps_user_address" id-column-name="id" type="auxiliary" shared-table-sequence="1">
            <property expert="false" readable="true" column-name="billing_addr_id" item-type="contactInfo" category-resource="categoryCommerceAddressAndPhone"
                display-name-resource="billingAddress" hidden="true" cascade="update" writable="true" name="billingAddress" required="false" cache-mode="inherit" queryable="true"
                xml-combine="replace">
                <attribute name="resourceBundle" value="atg.commerce.UserProfileTemplateResources" />
                <attribute name="propertySortPriority" value="10" />
                <attribute name="uiwritable" value="false" />
            </property>
            <property expert="false" readable="true" column-name="shipping_addr_id" item-type="contactInfo" category-resource="categoryCommerceAddressAndPhone"
                display-name-resource="shippingAddress" hidden="true" cascade="update" writable="true" name="shippingAddress" required="false" cache-mode="inherit" queryable="true"
                xml-combine="replace">
                <attribute name="resourceBundle" value="atg.commerce.UserProfileTemplateResources" />
                <attribute name="propertySortPriority" value="20" />
                <attribute name="uiwritable" value="false" />
            </property>
        </table>
        <!-- <table name="agilent_invoice_info" type="auxiliary" id-column-names="user_id" xml-combine="replace">
            <property name="customerName1" column-name="customer_name1" data-type="string" required="false" readable="true" writable="true" queryable="true" hidden="false"
                expert="false" cache-mode="inherit">
                <attribute name="uiwritable" value="false" />
            </property>
            <property name="companyTaxCode1" column-name="cmpny_tax_code1" data-type="string" required="false" readable="true" writable="true" queryable="true"
                hidden="false" expert="false" cache-mode="inherit">
                <attribute name="uiwritable" value="false" />
            </property>
            <property name="address1" column-name="address1" data-type="string" required="false" readable="true" writable="true" queryable="true" hidden="false"
                expert="false" cache-mode="inherit">
                <attribute name="uiwritable" value="false" />
            </property>
            <property name="bankName1" column-name="bank_name1" data-type="string" required="false" readable="true" writable="true" queryable="true" hidden="false"
                expert="false" cache-mode="inherit">
                <attribute name="uiwritable" value="false" />
            </property>
            <property name="bankAccount1" column-name="bank_account1" data-type="string" required="false" readable="true" writable="true" queryable="true" hidden="false"
                expert="false" cache-mode="inherit">
                <attribute name="uiwritable" value="false" />
            </property>
            <property name="customerName2" column-name="customer_name2" data-type="string" required="false" readable="true" writable="true" queryable="true" hidden="false"
                expert="false" cache-mode="inherit">
                <attribute name="uiwritable" value="false" />
            </property>
            <property name="city2" column-name="city2" data-type="string" required="false" readable="true" writable="true" queryable="true" hidden="false" expert="false"
                cache-mode="inherit">
                <attribute name="uiwritable" value="false" />
            </property>
            <property name="shippingAdrress2" column-name="shipping_adrress2" data-type="string" required="false" readable="true" writable="true" queryable="true"
                hidden="false" expert="false" cache-mode="inherit">
                <attribute name="uiwritable" value="false" />
            </property>
            <property name="postCode2" column-name="post_code2" data-type="string" required="false" readable="true" writable="true" queryable="true" hidden="false"
                expert="false" cache-mode="inherit">
                <attribute name="uiwritable" value="false" />
            </property>
            <property name="contactorName2" column-name="cntctor_name2" data-type="string" required="false" readable="true" writable="true" queryable="true" hidden="false"
                expert="false" cache-mode="inherit">
                <attribute name="uiwritable" value="false" />
            </property>
            <property name="contactorPhNum2" column-name="cntctor_phnum2" data-type="string" required="false" readable="true" writable="true" queryable="true" hidden="false"
                expert="false" cache-mode="inherit">
                <attribute name="uiwritable" value="false" />
            </property>
        </table> -->
        <table name="dps_user" id-column-name="id" type="primary" shared-table-sequence="1">
            <property expert="false" readable="true" column-name="login" category-resource="categoryLogin" display-name-resource="login" data-type="string" hidden="false"
                writable="true" name="login" required="true" cache-mode="inherit" queryable="true" xml-combine="replace">
                <attribute name="propertySortPriority" value="-7" />
                <attribute name="resourceBundle" value="atg.userprofiling.UserProfileTemplateResources" />
                <attribute name="secureLogging" value="true" />
                <attribute name="uiwritable" value="false" />
            </property>
            <property expert="false" readable="true" column-name="auto_login" category-resource="categoryLogin" default="false" display-name-resource="autoLogin"
                data-type="boolean" hidden="false" writable="true" name="autoLogin" required="false" cache-mode="inherit" queryable="true" xml-combine="replace">
                <attribute name="resourceBundle" value="atg.userprofiling.UserProfileTemplateResources" />
                <attribute name="propertySortPriority" value="-5" />
                <attribute name="uiwritable" value="false" />
            </property>
            <property expert="false" readable="true" column-name="first_name" category-resource="categoryBasics" display-name-resource="firstName" data-type="string"
                hidden="false" writable="true" name="firstName" required="false" cache-mode="inherit" queryable="true" xml-combine="replace">
                <attribute name="resourceBundle" value="atg.userprofiling.UserProfileTemplateResources" />
                <attribute name="propertySortPriority" value="10" />
                <attribute name="uiwritable" value="false" />
            </property>
            <property expert="false" readable="true" column-name="last_name" category-resource="categoryBasics" display-name-resource="lastName" data-type="string"
                hidden="false" writable="true" name="lastName" required="false" cache-mode="inherit" queryable="true" xml-combine="replace">
                <attribute name="resourceBundle" value="atg.userprofiling.UserProfileTemplateResources" />
                <attribute name="propertySortPriority" value="30" />
                <attribute name="uiwritable" value="false" />
            </property>
            <property expert="false" readable="true" column-name="lastactivity_date" category-resource="categoryActivity" display-name-resource="lastActivity"
                data-type="timestamp" hidden="false" writable="true" name="lastActivity" required="false" cache-mode="inherit" queryable="true" xml-combine="replace">
                <attribute name="resourceBundle" value="atg.userprofiling.UserProfileTemplateResources" />
                <attribute name="propertySortPriority" value="-2" />
                <attribute name="uiwritable" value="false" />
            </property>
            <property expert="false" readable="true" column-name="registration_date" category-resource="categoryActivity" display-name-resource="registrationDate"
                data-type="timestamp" hidden="false" writable="true" name="registrationDate" required="false" cache-mode="inherit" queryable="true" xml-combine="replace">
                <attribute name="resourceBundle" value="atg.userprofiling.UserProfileTemplateResources" />
                <attribute name="propertySortPriority" value="-1" />
                <attribute name="useNowForDefault" value="true" />
                <attribute name="uiwritable" value="false" />
            </property>
            <property expert="false" readable="true" column-name="email" category-resource="categoryEmail" display-name-resource="emailAddress" data-type="string"
                hidden="false" writable="true" name="email" required="false" cache-mode="inherit" queryable="true" xml-combine="replace">
                <attribute name="resourceBundle" value="atg.userprofiling.UserProfileTemplateResources" />
                <attribute name="propertySortPriority" value="-5" />
                <attribute name="secureLogging" value="true" />
                <attribute name="uiwritable" value="false" />
            </property>
        </table>
        <table name="dps_user_roles" id-column-name="user_id" type="multi" shared-table-sequence="1">
            <property expert="true" readable="true" column-name="atg_role" component-item-type="role" category-resource="categoryRoles" display-name-resource="roles"
                data-type="set" hidden="false" writable="true" name="roles" required="false" cache-mode="inherit" queryable="true">
                <attribute name="resourceBundle" value="atg.userprofiling.UserProfileTemplateResources" />
                <attribute name="propertySortPriority" value="20" />
                <attribute name="uiwritable" value="false" />
            </property>
        </table>
     	</item-descriptor>
    <item-descriptor name="role">
        <table name="dps_role" id-column-name="role_id" type="primary" shared-table-sequence="1">
            <property expert="false" readable="true" column-name="role_id" data-type="string" display-name-resource="id" hidden="false" writable="true" name="id"
                required="true" cache-mode="inherit" queryable="true">
                <attribute name="uiwritable" value="false" />
            </property>
            <property expert="true" readable="true" default="role" display-name-resource="type" data-type="enumerated" hidden="false" writable="true" name="type"
                required="false" cache-mode="inherit" queryable="true">
                <attribute name="useCodeForValue" value="false" />
                <option value="role" code="2000" />
                <option value="organizationalRole" code="2001" />
                <attribute name="propertySortPriority" value="50" />
                <attribute name="uiwritable" value="false" />
            </property>
            <property expert="true" readable="true" column-name="version" display-name-resource="version" data-type="int" hidden="false" writable="false" name="version"
                required="false" cache-mode="inherit" queryable="true">
                <attribute name="propertySortPriority" value="60" />
                <attribute name="uiwritable" value="false" />
            </property>
            <property expert="false" readable="true" column-name="name" category-resource="categoryBasics" display-name-resource="name" data-type="string" hidden="false"
                writable="true" name="name" required="true" cache-mode="inherit" queryable="true">
                <attribute name="propertySortPriority" value="10" />
                <attribute name="uiwritable" value="false" />
            </property>
            <property expert="false" readable="true" column-name="description" category-resource="categoryBasics" display-name-resource="description" data-type="string"
                hidden="false" writable="true" name="description" required="false" cache-mode="inherit" queryable="true">
                <attribute name="propertySortPriority" value="20" />
                <attribute name="uiwritable" value="false" />
            </property>
        </table>
    </item-descriptor>
</gsa-template>