<?xml version="1.0" encoding="UTF-8"?>
<item item-descriptor-name="product" is-document="true">
	<properties>
		<property name="$itemDescriptor.itemDescriptorName" type="string"
			filter="unique" />
		<property name="$repository.repositoryName" />
		<property name="$docId" type="string" output-name="record.spec" />
		<property name="$repositoryId" type="string" text-searchable="true" />
		<property name="description" type="string" property-accessor="languagePropertyAccessor" filter="html" />
		<property name="language" type="string" output-name="Endeca.Document.Language"
			is-dimension="true" property-accessor="/atg/endeca/index/commerce/AgilentLanguageNameAccessor"
			is-non-repository-property="true" />
		<property name="type" type="string" output-name="Content_Type" />
		<property name="longDescription" type="string"	property-accessor="languagePropertyAccessor" filter="html" />
		<property name="displayName" type="string" property-accessor="languagePropertyAccessor" />
		<property name="new" xml-combine="remove" />
		<property name="disallowAsRecommendation" xml-combine="remove" />
		<property name="nonreturnable" xml-combine="remove" />
		<property name="liveProduct" type="boolean" />
		<!--SureFish Properties -->
		<property name="chrom" type="string" subtype="sureFish"
			property-accessor="languagePropertyAccessor">
			<translate input="chr1" output="1" />
			<translate input="chr2" output="2" />
			<translate input="chr3" output="3" />
			<translate input="chr4" output="4" />
			<translate input="chr5" output="5" />
			<translate input="chr6" output="6" />
			<translate input="chr7" output="7" />
			<translate input="chr8" output="8" />
			<translate input="chr9" output="9" />
			<translate input="chr10" output="10" />
			<translate input="chr11" output="11" />
			<translate input="chr12" output="12" />
			<translate input="chr13" output="13" />
			<translate input="chr14" output="14" />
			<translate input="chr15" output="15" />
			<translate input="chr16" output="16" />
			<translate input="chr17" output="17" />
			<translate input="chr18" output="18" />
			<translate input="chr19" output="19" />
			<translate input="chr20" output="20" />
			<translate input="chr21" output="21" />
			<translate input="chr22" output="22" />
			<translate input="chrX" output="X" />
			<translate input="chrY" output="Y" />
		</property>
		<property name="startLocation" type="integer" subtype="sureFish"
			property-accessor="languagePropertyAccessor" />
		<property name="endLocation" type="integer" subtype="sureFish"
			property-accessor="languagePropertyAccessor" />
		<property name="hybridizationDescription" subtype="sureFish"
			type="string" property-accessor="languagePropertyAccessor" filter="html" />
		<property name="show_disclaimer" type="boolean" subtype="sureFish"
			property-accessor="languagePropertyAccessor" />
		<property name="hybridizationImageFile" type="string"
			subtype="sureFish" property-accessor="languagePropertyAccessor" />
		<property name="views" type="integer" subtype="sureFish"
			property-accessor="languagePropertyAccessor" />
		<property name="metaTitle" type="string" subtype="sureFish"
			property-accessor="languagePropertyAccessor" />
		<property name="metaDescription" type="string" subtype="sureFish"
			property-accessor="languagePropertyAccessor" filter="html" />

		<!-- childProbes -->

		<property name="product.childProbes.id" type="string"
			output-name="product.childProbes.id" property-accessor="ChromeValueAccessor"
			is-non-repository-property="true" />
		<property name="product.childProbes.chrom" type="string"
			is-non-repository-property="true" output-name="product.childProbes.chrom"
			property-accessor="ChromeValueAccessor">
			<translate input="chr1" output="1" />
			<translate input="chr2" output="2" />
			<translate input="chr3" output="3" />
			<translate input="chr4" output="4" />
			<translate input="chr5" output="5" />
			<translate input="chr6" output="6" />
			<translate input="chr7" output="7" />
			<translate input="chr8" output="8" />
			<translate input="chr9" output="9" />
			<translate input="chr10" output="10" />
			<translate input="chr11" output="11" />
			<translate input="chr12" output="12" />
			<translate input="chr13" output="13" />
			<translate input="chr14" output="14" />
			<translate input="chr15" output="15" />
			<translate input="chr16" output="16" />
			<translate input="chr17" output="17" />
			<translate input="chr18" output="18" />
			<translate input="chr19" output="19" />
			<translate input="chr20" output="20" />
			<translate input="chr21" output="21" />
			<translate input="chr22" output="22" />
			<translate input="chrX" output="X" />
			<translate input="chrY" output="Y" />
		</property>
		<property name="product.childProbes.probType" type="string"
			output-name="product.childProbes.probType"
			is-non-repository-property="true" property-accessor="ChromeValueAccessor" />
		<property name="product.childProbes.probeName" type="string"
			output-name="product.childProbes.probeName" property-accessor="ChromeValueAccessor"
			is-non-repository-property="true" />
		<property name="product.childProbes.startLocation" type="integer"
			output-name="product.childProbes.startLocation"
			is-non-repository-property="true" property-accessor="ChromeValueAccessor" />
		<property name="product.childProbes.endLocation" type="integer"
			output-name="product.childProbes.endLocation"
			is-non-repository-property="true" property-accessor="ChromeValueAccessor" />
		<property name="product.childProbes.color" type="string"
			output-name="product.childProbes.color" is-non-repository-property="true"
			property-accessor="ChromeValueAccessor" />
	</properties>
	<!-- relatedGenes -->
	<item is-multi="true" property-name="relatedGenes" subtype="sureFish">
		<properties>
			<property name="$itemDescriptor.itemDescriptorName" type="string"
				filter="unique" />
			<property name="$repository.repositoryName" />
			<property name="$repositoryId" type="string" />
			<property name="id" type="string" property-accessor="languagePropertyAccessor" />
			<property name="geneType" type="string" property-accessor="languagePropertyAccessor" />
			<property name="name" type="string" property-accessor="languagePropertyAccessor" />
			<property name="chrom" type="string" property-accessor="languagePropertyAccessor">
				<translate input="chr1" output="1" />
				<translate input="chr2" output="2" />
				<translate input="chr3" output="3" />
				<translate input="chr4" output="4" />
				<translate input="chr5" output="5" />
				<translate input="chr6" output="6" />
				<translate input="chr7" output="7" />
				<translate input="chr8" output="8" />
				<translate input="chr9" output="9" />
				<translate input="chr10" output="10" />
				<translate input="chr11" output="11" />
				<translate input="chr12" output="12" />
				<translate input="chr13" output="13" />
				<translate input="chr14" output="14" />
				<translate input="chr15" output="15" />
				<translate input="chr16" output="16" />
				<translate input="chr17" output="17" />
				<translate input="chr18" output="18" />
				<translate input="chr19" output="19" />
				<translate input="chr20" output="20" />
				<translate input="chr21" output="21" />
				<translate input="chr22" output="22" />
				<translate input="chrX" output="X" />
				<translate input="chrY" output="Y" />
			</property>
			<property name="txStart" type="integer" property-accessor="languagePropertyAccessor" />
			<property name="txEnd" type="integer" property-accessor="languagePropertyAccessor" />
			<property name="dataset" type="string" property-accessor="languagePropertyAccessor" />
		</properties>
	</item>
	<!-- childSKUs -->
	<item is-multi="true" property-name="childSKUs">
		<properties>
			<property name="$itemDescriptor.itemDescriptorName" type="string"
				filter="unique" />
			<property name="$repository.repositoryName" />
			<property name="$repositoryId" type="string" />
			<property name="description" property-accessor="languagePropertyAccessor"
				filter="html" />
			<property name="displayName" property-accessor="languagePropertyAccessor"
				filter="unique" />
			<property name="catalogId" type="string" property-accessor="languagePropertyAccessor" />
			<property name="manualPubPartNumber" type="string"
				property-accessor="languagePropertyAccessor" />
			<property name="cofAPubPartNumber" type="string"
				property-accessor="languagePropertyAccessor" />
			<property name="catalogContents" type="string"
				property-accessor="languagePropertyAccessor" />
			<property name="forSaleOnWeb" type="string"
				property-accessor="languagePropertyAccessor" />
			<property name="isDangerousGood" type="boolean"
				property-accessor="languagePropertyAccessor" />
			<property name="isLicensedGood" type="boolean"
				property-accessor="languagePropertyAccessor" />
			<property name="isConfigFlag" type="boolean"
				property-accessor="languagePropertyAccessor" />
			<property name="isEarrayFlag" type="boolean"
				property-accessor="languagePropertyAccessor" />
			<property name="isSureFishFlag" type="boolean"
				property-accessor="languagePropertyAccessor" />
			<property name="kit" type="integer" property-accessor="languagePropertyAccessor" />
			<property name="service" type="integer" property-accessor="languagePropertyAccessor" />
			<property name="color" type="string" property-accessor="languagePropertyAccessor" />
			<property name="eArrayDesignNumber" type="string"
				property-accessor="languagePropertyAccessor" />
		</properties>
		<item is-multi="true" property-name="lot" map-iteration-type="wildcard">
			<properties>
				<property name="*" type="string" />
			</properties>
		</item>
	</item>
	<item property-name="ancestorCategories">
		<properties>
			<property name="displayName" property-accessor="languagePropertyAccessor" />
		</properties>
	</item>
	<item property-name="parentCategories">
		<properties>
			<property name="$repositoryId" type="string"
				output-name="parentCategory.repositoryId" suppress="false" />
		</properties>
	</item>
</item>