<?xml version="1.0" encoding="UTF-8"?>

<!DOCTYPE generic-activities SYSTEM "dynamosystemresource:/atg/dtds/activitymanager/activitymanager_1.0.dtd">

<generic-activities>

 <!-- <activity xml-combine="remove">
    <id>externalUsers</id>
   </activity>
  <activity xml-combine="replace">
    <id>personalization.users</id>
    <resource-bundle>atg.web.personalization.WebAppResources</resource-bundle>
    <display-name-resource>personalization.users.displayName</display-name-resource>
    <description-resource>personalization.users.description</description-resource>
    <destination-page>
      <url>/AssetManager/assetManager.jsp</url>
      <clear-context>true</clear-context>
      <acl>Profile$role$epubAdmin:read;Profile$role$epubSuperAdmin:read;Profile$role$epubManager:read;Profile$role$CSR:read;Profile$role$user_profiles:read;</acl>
    </destination-page>
  </activity> -->

  <activity xml-combine="replace">
    <id>personalization.internalUsers</id>
    <resource-bundle>atg.web.personalization.internalusers.WebAppResources</resource-bundle>
    <display-name-resource>personalization.internalUsers.displayName</display-name-resource>
    <description-resource>personalization.internalUsers.description</description-resource>
    <destination-page>
      <url>/AssetManager/assetManager.jsp</url>
      <clear-context>true</clear-context>
      <acl>Profile$role$epubAdmin:read;Profile$role$epubSuperAdmin:read;Profile$role$epubManager:read;Profile$role$CSR:read;Profile$role$user_profiles:read;</acl>
    </destination-page>
  </activity>

</generic-activities><!-- @version $Id: //product/DPS-UI/version/10.1.1/src/config/atg/web/personalization/activity/genericActivities.xml#1 $$Change: 690623 $-->

<!-- result of combining: 
     /u01/domains/atgUAT/servers/atgUATServer3/stage/atg_publishing/atg_publishing.ear/atg_bootstrap.war/WEB-INF/ATG-INF/DPS-UI/config/config.jar/atg/web/personalization/activity/genericActivities.xml
-->
