<?xml version="1.0" encoding="ISO-8859-1" ?>

<!DOCTYPE browse-hierarchy
  PUBLIC "-//Art Technology Group, Inc.//DTD Asset Manager Browse Hierarchy//EN"
  'http://www.atg.com/dtds/toolbar/toolbar_1.0.dtd'>

<toolbar xml-combine="append">

	<!-- ===================== -->
	<!-- Browse operation menu -->
	<!-- ===================== -->

	<operation-menu id="genomicsContentOperationMenu">
		<toolbar-scope asset-area="genomicsContent" pane-id="browse" />
		<operation-menu-item id="edit" />
		<operation-menu-item divider="true" />
		<operation-menu-item id="duplicate" />
		<operation-menu-item id="delete" />
		<operation-menu-item divider="true" />
		<operation-menu-item id="addToProject" />
		<operation-menu-item id="addToMultiedit" />
		<operation-menu-item id="export" />
	</operation-menu>
	<operation-menu id="sureVectorContentOperationMenu">
		<toolbar-scope asset-area="sureVectorContent" pane-id="browse" />
		<operation-menu-item id="edit" />
		<operation-menu-item divider="true" />
		<operation-menu-item id="duplicate" />
		<operation-menu-item id="delete" />
		<operation-menu-item divider="true" />
		<operation-menu-item id="addToProject" />
		<operation-menu-item id="addToMultiedit" />
		<operation-menu-item id="export" />
	</operation-menu>
	<operation-menu id="contentRepositoryOperationMenu">
		<toolbar-scope asset-area="contentRepository" pane-id="browse" />
		<operation-menu-item id="edit" />
		<operation-menu-item divider="true" />
		<operation-menu-item id="duplicate" />
		<operation-menu-item id="delete" />
		<operation-menu-item divider="true" />
		<operation-menu-item id="addToProject" />
		<operation-menu-item id="addToMultiedit" />
		<operation-menu-item id="export" />
	</operation-menu>
	
	<operation-menu id="supportingRepositoryOperationMenu">
		<toolbar-scope asset-area="supportingRepository" pane-id="browse" />
		<operation-menu-item id="edit" />
		<operation-menu-item divider="true" />
		<operation-menu-item id="duplicate" />
		<operation-menu-item id="delete" />
		<operation-menu-item divider="true" />
		<operation-menu-item id="addToProject" />
		<operation-menu-item id="addToMultiedit" />
		<operation-menu-item id="export" />
	</operation-menu>
	
	<operation-menu id="storeTextRepositoryOperationMenu">
		<toolbar-scope asset-area="storeTextRepository" pane-id="browse" />
		<operation-menu-item id="edit" />
		<operation-menu-item divider="true" />
		<operation-menu-item id="duplicate" />
		<operation-menu-item id="delete" />
		<operation-menu-item divider="true" />
		<operation-menu-item id="addToProject" />
		<operation-menu-item id="addToMultiedit" />
		<operation-menu-item id="export" />
	</operation-menu>
	
	<operation-menu id="LSCAContentOperationMenu">
		<toolbar-scope asset-area="LSCAcontent" pane-id="browse" />
		<operation-menu-item id="edit" />
		<operation-menu-item divider="true" />
		<operation-menu-item id="duplicate" />
		<operation-menu-item id="delete" />
		<operation-menu-item divider="true" />
		<operation-menu-item id="addToProject" />
		<operation-menu-item id="addToMultiedit" />
		<operation-menu-item id="export" />
	</operation-menu>
	
	<!-- =================== -->
	<!-- Find operation menu -->
	<!-- =================== -->

	<operation-menu id="findgenomicsContentOperationMenu">
		<toolbar-scope asset-area="genomicsContent" pane-id="find" />
		<operation-menu-item id="edit" />
		<operation-menu-item divider="true" />
		<operation-menu-item id="duplicate" />
		<operation-menu-item divider="true" />
		<operation-menu-item id="addToProject" />
		<operation-menu-item id="addToMultiedit" />
		<operation-menu-item id="export" />
	</operation-menu>
	<operation-menu id="findsureVectorContentOperationMenu">
		<toolbar-scope asset-area="sureVectorContent" pane-id="find" />
		<operation-menu-item id="edit" />
		<operation-menu-item divider="true" />
		<operation-menu-item id="duplicate" />
		<operation-menu-item divider="true" />
		<operation-menu-item id="addToProject" />
		<operation-menu-item id="addToMultiedit" />
		<operation-menu-item id="export" />
	</operation-menu>
	<operation-menu id="findContentRepositoryOperationMenu">
		<toolbar-scope asset-area="contentRepository" pane-id="find" />
		<operation-menu-item id="edit" />
		<operation-menu-item divider="true" />
		<operation-menu-item id="duplicate" />
		<operation-menu-item divider="true" />
		<operation-menu-item id="addToProject" />
		<operation-menu-item id="addToMultiedit" />
		<operation-menu-item id="export" />
	</operation-menu>
	
	<operation-menu id="findSupportingRepositoryOperationMenu">
		<toolbar-scope asset-area="supportingRepository" pane-id="find" />
		<operation-menu-item id="edit" />
		<operation-menu-item divider="true" />
		<operation-menu-item id="duplicate" />
		<operation-menu-item divider="true" />
		<operation-menu-item id="addToProject" />
		<operation-menu-item id="addToMultiedit" />
		<operation-menu-item id="export" />
	</operation-menu>
	
	<operation-menu id="findStoreTextRepositoryOperationMenu">
		<toolbar-scope asset-area="storeTextRepository" pane-id="find" />
		<operation-menu-item id="edit" />
		<operation-menu-item divider="true" />
		<operation-menu-item id="duplicate" />
		<operation-menu-item divider="true" />
		<operation-menu-item id="addToProject" />
		<operation-menu-item id="addToMultiedit" />
		<operation-menu-item id="export" />
	</operation-menu>
	
	<operation-menu id="findLSCAContentOperationMenu">
		<toolbar-scope asset-area="LSCAcontent" pane-id="find" />
		<operation-menu-item id="edit" />
		<operation-menu-item divider="true" />
		<operation-menu-item id="duplicate" />
		<operation-menu-item divider="true" />
		<operation-menu-item id="addToProject" />
		<operation-menu-item id="addToMultiedit" />
		<operation-menu-item id="export" />
	</operation-menu>
	
 	<operation-menu-adjustments id="couponOpMenuAdjustments"
       asset-type="/atg/commerce/claimable/ClaimableRepository:DeployablePromotionClaimable" >
    <disable-menu-item menu-item-id="duplicate" xml-combine="remove"/>
    
  	</operation-menu-adjustments>
</toolbar>