<?xml version="1.0" encoding="UTF-8" standalone="no"?>
<!DOCTYPE gsa-template SYSTEM "dynamosystemresource:/atg/dtds/gsa/gsa_1.0.dtd">
<gsa-template>
<import-items>

<!-- Custom property view for big-string properties -->

<!-- <add-item item-descriptor="propertyView" id="MyPvBigStr">
  <set-property name="name"><![CDATA[AssetManager pop-up big string propertyView]]></set-property>
  <set-property name="description"><![CDATA[AssetManager pop-up big string propertyView]]></set-property>
  <set-property name="mode"><![CDATA[AmMmDef]]></set-property>
  <set-property name="type"><![CDATA[big string]]></set-property>
  <set-property name="viewComponent"><![CDATA[my.assetmanager.editor.view.BigStringEditor]]></set-property>
  <set-property name="isComponentPropertyView"><![CDATA[false]]></set-property>
  <set-property name="isDefault"><![CDATA[true]]></set-property>
</add-item> -->



<!-- Custom property view for Agilent Extended properties -->
<add-item item-descriptor="attributeValue" id="aMgrAvExtAgilentCustomCats">
  <set-property name="value"><![CDATA[Agilent Custom]]></set-property>
</add-item>

<add-item item-descriptor="itemViewMapping" id="aMgrIvmExtAgilentCustom">
  <set-property name="description"><![CDATA[JSP DPS-UI external Agilent Custom view]]></set-property>
  <set-property name="displayName"><![CDATA[Agilent Extended Properties]]></set-property>
  <set-property name="view"><![CDATA[AmIvDef]]></set-property>
  <set-property name="name"><![CDATA[JSP DPS-UI External  Agilent Custom]]></set-property>
  <set-property name="attributeValues"><![CDATA[categorizedGrouping=aMgrAvExtAgilentCustomCats]]></set-property>
</add-item>


<!-- Email property view for Agilent email properties -->
<add-item item-descriptor="attributeValue" id="aMgrAvExtAgilentEmailCats">
  <set-property name="value"><![CDATA[Agilent Email]]></set-property>
</add-item>

<add-item item-descriptor="itemViewMapping" id="aMgrIvmExtAgilentEmail">
  <set-property name="description"><![CDATA[JSP DPS-UI external Agilent Custom view]]></set-property>
  <set-property name="displayName"><![CDATA[Agilent Email Properties]]></set-property>
  <set-property name="view"><![CDATA[AmIvDef]]></set-property>
  <set-property name="name"><![CDATA[JSP DPS-UI External  Agilent Custom]]></set-property>
  <set-property name="attributeValues"><![CDATA[categorizedGrouping=aMgrAvExtAgilentEmailCats]]></set-property>
</add-item>

<add-item item-descriptor="itemMapping" id="AmImEuUsers">
   <set-property name="viewMappings"><![CDATA[AmIvmEuUsersGeneral,AmIvmEuUsersCommerce,AmIvmEuUsersOrgsAndRoles,AmIvmEuUsersSegments,AmIvmEuUsersAdvanced,aMgrIvmExtAgilentCustom,aMgrIvmExtAgilentEmail]]></set-property>
</add-item>

</import-items>

<!-- To use the above property view as the default, clear the isDefault flag
     for the existing default big-string property view -->

<update-item item-descriptor="propertyView" id="AmPvBigStr">
  <set-property name="isDefault"><![CDATA[false]]></set-property>
</update-item>


<!-- Custom property view for Agilent Extended properties -->
<!-- <update-item item-descriptor="itemMapping" id="aMgrImEditEprUser">
  <set-property name="viewMappings"><![CDATA[aMgrIvmExtUserBasics,aMgrIvmExtUserCommerce,aMgrIvmExtUserOrgsRoles,aMgrIvmExtUserSeg,aMgrIvmExtAgilentCustom]]></set-property>
</update-item>

<update-item item-descriptor="itemMapping" id="aMgrImEditExtUser">
  <set-property name="viewMappings"><![CDATA[aMgrIvmExtUserBasics,aMgrIvmExtUserCommerce,aMgrIvmExtUserOrgsRoles,aMgrIvmExtUserSeg,aMgrIvmExtAgilentCustom]]></set-property>
</update-item>

<update-item item-descriptor="itemMapping" id="aMgrImViewEprUser">
  <set-property name="viewMappings"><![CDATA[aMgrIvmExtUserBasics,aMgrIvmExtUserCommerce,aMgrIvmExtUserOrgsRoles,aMgrIvmExtUserSeg,aMgrIvmExtAgilentCustom]]></set-property>
</update-item>

<update-item item-descriptor="itemMapping" id="aMgrImViewExtUser">
  <set-property name="viewMappings"><![CDATA[aMgrIvmExtUserBasics,aMgrIvmExtUserCommerce,aMgrIvmExtUserOrgsRoles,aMgrIvmExtUserSeg,aMgrIvmExtAgilentCustom]]></set-property>
</update-item> -->
<!-- Hide Commerce tab Business request CRP testing Apollo -->
<update-item item-descriptor="itemMapping" id="aMgrImEditEprUser">
  <set-property name="viewMappings"><![CDATA[aMgrIvmExtUserBasics,aMgrIvmExtUserOrgsRoles,aMgrIvmExtUserSeg,aMgrIvmExtAgilentCustom,aMgrIvmExtAgilentEmail]]></set-property>
</update-item>

<update-item item-descriptor="itemMapping" id="aMgrImEditExtUser">
  <set-property name="viewMappings"><![CDATA[aMgrIvmExtUserBasics,aMgrIvmExtUserOrgsRoles,aMgrIvmExtUserSeg,aMgrIvmExtAgilentCustom,aMgrIvmExtAgilentEmail]]></set-property>
</update-item>

<update-item item-descriptor="itemMapping" id="aMgrImViewEprUser">
  <set-property name="viewMappings"><![CDATA[aMgrIvmExtUserBasics,aMgrIvmExtUserOrgsRoles,aMgrIvmExtUserSeg,aMgrIvmExtAgilentCustom,aMgrIvmExtAgilentEmail]]></set-property>
</update-item>

<update-item item-descriptor="itemMapping" id="aMgrImViewExtUser">
  <set-property name="viewMappings"><![CDATA[aMgrIvmExtUserBasics,aMgrIvmExtUserOrgsRoles,aMgrIvmExtUserSeg,aMgrIvmExtAgilentCustom,aMgrIvmExtAgilentEmail]]></set-property>
</update-item>
<update-item item-descriptor="attributeValue" id="aMgrAvExtUserBasicsExc">
  <set-property name="value"><![CDATA[derivedBillingAddress,derivedShippingAddress,allSecondaryAddresses,creditCards,secondaryAddresses,preferredVendors]]></set-property>
</update-item>







<!-- Custom property view for LSCA Extended SKU properties -->

<add-item item-descriptor="attributeValue" id="AmAvLSCA">
  <set-property name="value"><![CDATA[LSCAcategoryPresentation]]></set-property>
</add-item>

<add-item item-descriptor="itemViewMapping" id="AmIvmSkuLSCA">
  <set-property name="description"><![CDATA[added for LSCA sku properties]]></set-property>
  <set-property name="attributeValues"><![CDATA[includedCategories=AmAvLSCA]]></set-property>
  <set-property name="displayName"><![CDATA[LSCA SKU properties]]></set-property>
  <set-property name="view"><![CDATA[AmIvDef]]></set-property>
  <set-property name="name"><![CDATA[DCS-UI sku LSCA itemViewMapping]]></set-property>
</add-item>

<update-item item-descriptor="itemMapping" id="AmImSku">
  <set-property name="viewMappings"><![CDATA[AmIvmSkuGen,AmIvmSkuMedia,AmIvmSkuPricing,AmIvmSkuPrice,AmIvmSkuAdv,AmIvmSkuLSCA]]></set-property>
</update-item>

<!-- Custom property view for LSCA Extended product properties -->

<add-item item-descriptor="itemViewMapping" id="AmIvmProductLSCA">
  <set-property name="description"><![CDATA[added for LSCA product properties]]></set-property>
  <set-property name="attributeValues"><![CDATA[includedCategories=AmAvLSCA]]></set-property>
  <set-property name="displayName"><![CDATA[LSCA product properties]]></set-property>
  <set-property name="view"><![CDATA[AmIvDef]]></set-property>
  <set-property name="name"><![CDATA[DCS-UI product LSCA itemViewMapping]]></set-property>
</add-item>

<update-item item-descriptor="itemMapping" id="AmImPrdt">
  <set-property name="viewMappings"><![CDATA[AmIvmPrdtGen,AmIvmPrdtSkus,AmIvmPrdtCat,AmIvmPrdtMedia,AmIvmPrdtPrice,AmIvmPrdtCrossEdit,AmIvmPrdtAdv,AmIvmProductLSCA]]></set-property>
</update-item>

<!-- Custom property view for LSCA Extended category properties -->

<add-item item-descriptor="itemViewMapping" id="AmIvmCategoryLSCA">
  <set-property name="description"><![CDATA[added for LSCA category properties]]></set-property>
  <set-property name="attributeValues"><![CDATA[includedCategories=AmAvLSCA]]></set-property>
  <set-property name="displayName"><![CDATA[LSCA category properties]]></set-property>
  <set-property name="view"><![CDATA[AmIvDef]]></set-property>
  <set-property name="name"><![CDATA[DCS-UI sku LSCA itemViewMapping]]></set-property>
</add-item>

<update-item item-descriptor="itemMapping" id="AmImCat">
  <set-property name="viewMappings"><![CDATA[AmIvmCatGen,AmIvmCatMedia,AmIvmCatPrdt,AmIvmCatAdv,AmIvmCategoryLSCA]]></set-property>
</update-item>
<!-- Agilent Custom properties mappings -->
<add-item item-descriptor="attributeValue" id="AGattributeValueCustom">
  <set-property name="value"><![CDATA[Agilent Custom]]></set-property>
</add-item>


<add-item item-descriptor="itemViewMapping" id="AGIvmAgCustom">
  <set-property name="description"><![CDATA[Agilent Extended Properties]]></set-property>
  <set-property name="attributeValues"><![CDATA[includedCategories=AGattributeValueCustom]]></set-property>
  <set-property name="displayName"><![CDATA[Agilent Extended Properties]]></set-property>
  <set-property name="view"><![CDATA[AmIvDef]]></set-property>
  <set-property name="name"><![CDATA[Agilent Extended Properties]]></set-property>
</add-item>

<!-- Added custom tabs aMgrIvmExtAgilentCustom,aMgrIvmExtAgilentEmail in newer version of User profile page 
<add-item item-descriptor="itemMapping" id="AmImPuUsers">
   <set-property name="viewMappings"><![CDATA[AmIvmPuUsersGeneral,AmIvmPuUsersCommerce,AmIvmPuUsersOrgsAndRoles,AmIvmPuUsersSegments,AmIvmPuUsersAdvanced,aMgrIvmExtAgilentCustom,aMgrIvmExtAgilentEmail]]></set-property>
</add-item>  -->

<!-- To remove segment tab from internal User -->
<add-item item-descriptor="itemMapping" id="aMgrImViewIntUser">
	<set-property name="viewMappings"><![CDATA[aMgrIvmIntUserBasics,aMgrIvmIntUserCA,aMgrIvmIntUserOrgsRoles,aMgrIvmIntUserAccess]]></set-property>
</add-item>

<update-item item-descriptor="itemMapping" id="AmImPrmo">

  <set-property name="viewMappings"><![CDATA[AmIvmPrmoGen,AGIvmAgCustom,AmIvmPrmoAvailCoup,AmIvmPrmoSites,AmIvmPrmoMed]]></set-property>

</update-item>

<add-item item-descriptor="propertyViewAttributeDefinition" id="DescDef400PVAD">
  <set-property name="description"><![CDATA[Maximum length of the data in the field 400]]></set-property>
  <set-property name="defaultValue"><![CDATA[400]]></set-property>
 </add-item>
 
<add-item item-descriptor="propertyViewAttributeDefinition" id="DescDef600PVAD">
  <set-property name="description"><![CDATA[Max number of characters in the input field]]></set-property>
  <set-property name="defaultValue"><![CDATA[600]]></set-property>
</add-item>

<add-item item-descriptor="propertyViewAttributeDefinition" id="DispDef140PVAD">
  <set-property name="description"><![CDATA[Max number of characters in the input field]]></set-property>
  <set-property name="defaultValue"><![CDATA[140]]></set-property>
</add-item>
 
<add-item item-descriptor="propertyView" id="DescDef400PV">
  <set-property name="name"><![CDATA[Default Property View]]></set-property>
  <set-property name="description"><![CDATA[Default Property View]]></set-property>
  <set-property name="mode"><![CDATA[AmMmDef]]></set-property>
  <set-property name="type"><![CDATA[?]]></set-property>
  <set-property name="viewComponent"><![CDATA[atg.assetmanager.editor.view.property.ChangeAwareDefaultEditor]]></set-property>
  <set-property name="isComponentPropertyView"><![CDATA[false]]></set-property>
  <set-property name="isDefault"><![CDATA[true]]></set-property>
  <set-property name="attributes"><![CDATA[inputFieldMaxWidth=DescDef600PVAD,inputFieldMaxlength=DescDef400PVAD]]></set-property>
</add-item>

<add-item item-descriptor="propertyView" id="DispDef140PV">
  <set-property name="name"><![CDATA[Default Property View]]></set-property>
  <set-property name="description"><![CDATA[Default Property View]]></set-property>
  <set-property name="mode"><![CDATA[AmMmDef]]></set-property>
  <set-property name="type"><![CDATA[?]]></set-property>
  <set-property name="viewComponent"><![CDATA[atg.assetmanager.editor.view.property.ChangeAwareDefaultEditor]]></set-property>
  <set-property name="isComponentPropertyView"><![CDATA[false]]></set-property>
  <set-property name="isDefault"><![CDATA[true]]></set-property>
  <set-property name="attributes"><![CDATA[inputFieldMaxWidth=DescDef600PVAD,inputFieldMaxlength=DispDef140PVAD]]></set-property>
</add-item>

<add-item item-descriptor="propertyViewMapping" id="DescDef400PVM">
  <set-property name="description"><![CDATA[Maximum length of the data in the field 400]]></set-property>
  <set-property name="propertyView"><![CDATA[DescDef400PV]]></set-property>
 </add-item>
 
 <add-item item-descriptor="propertyViewMapping" id="DispDef140PVM">
  <set-property name="description"><![CDATA[Maximum length of the data in the field 400]]></set-property>
  <set-property name="propertyView"><![CDATA[DispDef140PV]]></set-property>
 </add-item>

<add-item item-descriptor="itemViewMapping" id="AmIvmPrmoGen">
  <set-property name="propertyMappings"><![CDATA[template=AmPvmPrmoTmpl,enabled=AmPvmPrmoEnbl,closenessQualifiers=AmPvmPrmoRefColl,priority=AmPvmPrmoDefInt,description=AmPvmPrmoDef,displayName=AmPvmPrmoDef,pmdlRule=AmPvmPrmoPMDL,descriptionDefault=DescDef400PVM,displayNameDefault=DispDef140PVM]]></set-property>
  <set-property name="attributeValues"><![CDATA[includedCategories=AmAvPrmoGenCat,includeNewProperties=AmAvPrmoGenIncNew,excludedCategories=AmAvPrmoGenExcCat,hideCategoryHeadings=AmAvPrmoGenHideHd]]></set-property>
  <set-property name="displayName"><![CDATA[AmIvmPrmoGen.displayName]]></set-property>
  <set-property name="view"><![CDATA[AmIvDef]]></set-property>
  <set-property name="name"><![CDATA[DCS-UI promotions general itemViewMapping]]></set-property>
</add-item>

<!-- Agilent Custom properties mappings restricting promotion translation displayName to 140 Character and promotion translation description to 400 -->

<add-item item-descriptor="itemViewMapping" id="AmIvmPromoTrans">
  <set-property name="description"><![CDATA[Custom]]></set-property>
  <set-property name="propertyMappings"><![CDATA[displayName=DispDef140PVM,description=DescDef400PVM]]></set-property>
  <set-property name="displayName"><![CDATA[AmIvmDef.displayName]]></set-property>
  <set-property name="view"><![CDATA[AmIvDef]]></set-property>
  <set-property name="name"><![CDATA[AssetManager default itemViewMapping]]></set-property>
</add-item>

<add-item item-descriptor="itemMapping" id="AmImPromoTrans">
  <set-property name="itemName"><![CDATA[promotionTranslation]]></set-property>
  <set-property name="description"><![CDATA[AssetManager default itemMapping_Customized]]></set-property>
  <set-property name="mode"><![CDATA[AmMmDef]]></set-property>
  <set-property name="viewMappings"><![CDATA[AmIvmPromoTrans]]></set-property>
  <set-property name="formHandler"><![CDATA[AmFhDef]]></set-property>
  <set-property name="itemPath"><![CDATA[/atg/commerce/catalog/ProductCatalog]]></set-property>
  <set-property name="name"><![CDATA[AssetManager]]></set-property>
</add-item>

<!-- Promotions Start -->

<add-item item-descriptor="propertyViewAttributeDefinition" id="PrList4000PVAD">
  <set-property name="description"><![CDATA[Max number of characters in the input field]]></set-property>
  <set-property name="defaultValue"><![CDATA[4000]]></set-property>
 </add-item>
 
<add-item item-descriptor="propertyViewAttributeDefinition" id="PrLine4000PVAD">
  <set-property name="description"><![CDATA[Max number of characters in the input field]]></set-property>
  <set-property name="defaultValue"><![CDATA[4000]]></set-property>
</add-item>
 
<add-item item-descriptor="propertyView" id="PrList4000PV">
  <set-property name="name"><![CDATA[Default Property View]]></set-property>
  <set-property name="description"><![CDATA[Default Property View]]></set-property>
  <set-property name="mode"><![CDATA[AmMmDef]]></set-property>
  <set-property name="type"><![CDATA[?]]></set-property>
  <set-property name="viewComponent"><![CDATA[atg.assetmanager.editor.view.property.ChangeAwareDefaultEditor]]></set-property>
  <set-property name="isComponentPropertyView"><![CDATA[false]]></set-property>
  <set-property name="isDefault"><![CDATA[true]]></set-property>
  <set-property name="attributes"><![CDATA[inputFieldMaxWidth=DescDef600PVAD,inputFieldMaxlength=PrList4000PVAD]]></set-property>
</add-item>

<add-item item-descriptor="propertyView" id="PrLine4000PV">
  <set-property name="name"><![CDATA[Default Property View]]></set-property>
  <set-property name="description"><![CDATA[Default Property View]]></set-property>
  <set-property name="mode"><![CDATA[AmMmDef]]></set-property>
  <set-property name="type"><![CDATA[?]]></set-property>
  <set-property name="viewComponent"><![CDATA[atg.assetmanager.editor.view.property.ChangeAwareDefaultEditor]]></set-property>
  <set-property name="isComponentPropertyView"><![CDATA[false]]></set-property>
  <set-property name="isDefault"><![CDATA[true]]></set-property>
  <set-property name="attributes"><![CDATA[inputFieldMaxWidth=DescDef600PVAD,inputFieldMaxlength=PrLine4000PVAD]]></set-property>
</add-item>

<add-item item-descriptor="propertyViewMapping" id="PrList4000PVM">
  <set-property name="description"><![CDATA[Maximum length of the data in the field 4000]]></set-property>
  <set-property name="propertyView"><![CDATA[PrList4000PV]]></set-property>
 </add-item>
 
 <add-item item-descriptor="propertyViewMapping" id="PrLine4000PVM">
  <set-property name="description"><![CDATA[Maximum length of the data in the field 4000]]></set-property>
  <set-property name="propertyView"><![CDATA[PrLine4000PV]]></set-property>
 </add-item>

<add-item item-descriptor="itemViewMapping" id="AGIvmAgCustom">
  <set-property name="description"><![CDATA[Agilent Extended Properties]]></set-property>
  <set-property name="propertyMappings"><![CDATA[productList=PrList4000PVM,productLine=PrLine4000PVM]]></set-property>
  <set-property name="attributeValues"><![CDATA[includedCategories=AGattributeValueCustom]]></set-property>
  <set-property name="displayName"><![CDATA[Agilent Extended Properties]]></set-property>
  <set-property name="view"><![CDATA[AmIvDef]]></set-property>
  <set-property name="name"><![CDATA[Agilent Extended Properties]]></set-property>
</add-item>

<!-- Promotions End -->

<!-- View mappings for Resource bundle item and translation Start -->
<add-item item-descriptor="propertyView" id="CustomBigStrPlain">
  <set-property name="description"><![CDATA[Custom AssetManager plain text big string propertyView]]></set-property>
  <set-property name="isDefault"><![CDATA[false]]></set-property>
  <set-property name="attributes"><![CDATA[editorHeight=AmPvadPlainBigStrEditorHeight]]></set-property>
  <set-property name="mode"><![CDATA[AmMmDef]]></set-property>
  <set-property name="isComponentPropertyView"><![CDATA[false]]></set-property>
  <set-property name="viewComponent"><![CDATA[atg.assetmanager.editor.view.property.BigStringPlainTextEditor]]></set-property>
  <set-property name="type"><![CDATA[big string]]></set-property>
  <set-property name="name"><![CDATA[Custom AA AssetManager plain text big string propertyView]]></set-property>
</add-item>
 
 <add-item item-descriptor="propertyViewMapping" id="CustomBigStringPlainTextEditor">
  <set-property name="description"><![CDATA[Big String plain text editor]]></set-property>
  <set-property name="propertyView"><![CDATA[CustomBigStrPlain]]></set-property>
 </add-item>

<add-item item-descriptor="itemViewMapping" id="ResourceBundleItemViewMapping">
  <set-property name="description"><![CDATA[Custom ResourceBundleItemViewMapping]]></set-property>
  <set-property name="propertyMappings"><![CDATA[defaultValue=CustomBigStringPlainTextEditor]]></set-property>
  <set-property name="displayName"><![CDATA[Properties]]></set-property>
  <set-property name="name"><![CDATA[AssetManager default ResourceBundleItemViewMapping]]></set-property>
</add-item>

<add-item item-descriptor="itemMapping" id="ResourceBundleItemMapping">
  <set-property name="itemName"><![CDATA[resourceBundleItem]]></set-property>
  <set-property name="description"><![CDATA[AssetManager default ResourceBundleItemMapping]]></set-property>
  <set-property name="mode"><![CDATA[AmMmDef]]></set-property>
  <set-property name="viewMappings"><![CDATA[ResourceBundleItemViewMapping]]></set-property>
  <set-property name="formHandler"><![CDATA[AmFhDef]]></set-property>
  <set-property name="itemPath"><![CDATA[/com/agilent/content/ContentRepository]]></set-property>
  <set-property name="name"><![CDATA[AssetManager]]></set-property>
</add-item>

<add-item item-descriptor="itemViewMapping" id="ResourceBundleTranslationItemViewMapping">
  <set-property name="description"><![CDATA[Custom ResourceBundleTranslationItemViewMapping]]></set-property>
  <set-property name="propertyMappings"><![CDATA[value=CustomBigStringPlainTextEditor]]></set-property>
  <set-property name="displayName"><![CDATA[Properties]]></set-property>
  <set-property name="name"><![CDATA[AssetManager default ResourceBundleTranslationItemViewMapping]]></set-property>
</add-item>

<add-item item-descriptor="itemMapping" id="ResourceBundleTranslationItemMapping">
  <set-property name="itemName"><![CDATA[resourceBundleTranslation]]></set-property>
  <set-property name="description"><![CDATA[AssetManager default ResourceBundleTranslationItemMapping]]></set-property>
  <set-property name="mode"><![CDATA[AmMmDef]]></set-property>
  <set-property name="viewMappings"><![CDATA[ResourceBundleTranslationItemViewMapping]]></set-property>
  <set-property name="formHandler"><![CDATA[AmFhDef]]></set-property>
  <set-property name="itemPath"><![CDATA[/com/agilent/content/ContentRepository]]></set-property>
  <set-property name="name"><![CDATA[AssetManager]]></set-property>
</add-item>

<!-- View mappings for Resource bundle item and translation End -->

<!-- View mappings for Product Entitlement item Start -->
<add-item item-descriptor="itemViewMapping" id="ProductEntitlementItemViewMapping">
  <set-property name="description"><![CDATA[Custom ProductEntitlementItemViewMapping]]></set-property>
  <set-property name="propertyMappings"><![CDATA[partNumbers=CustomBigStringPlainTextEditor]]></set-property>
  <set-property name="displayName"><![CDATA[Properties]]></set-property>
  <set-property name="name"><![CDATA[AssetManager default ProductEntitlementItemViewMapping]]></set-property>
</add-item>

<add-item item-descriptor="itemMapping" id="ProductEntitlementItemMapping">
  <set-property name="itemName"><![CDATA[ProductEntitlement]]></set-property>
  <set-property name="description"><![CDATA[AssetManager default ProductEntitlementItemMapping]]></set-property>
  <set-property name="mode"><![CDATA[AmMmDef]]></set-property>
  <set-property name="viewMappings"><![CDATA[ProductEntitlementItemViewMapping]]></set-property>
  <set-property name="formHandler"><![CDATA[AmFhDef]]></set-property>
  <set-property name="itemPath"><![CDATA[/atg/multisite/SiteRepository]]></set-property>
  <set-property name="name"><![CDATA[AssetManager]]></set-property>
</add-item>
<!-- View mappings for Product Entitlement item End -->

</gsa-template>
