<?xml version="1.0" encoding="UTF-8" ?> 
	<actor-template default-chain-id="addUser" 
					xsi:noNamespaceSchemaLocation="http://www.atg.com/xsds/actorChain_1.0.xsd" 
					xmlns:xsi="http://www.w3.org/2001/XMLSchema-instance">
	
	<actor-chain id="addUser" transaction="TX_SUPPORTS">
		<component id="addUser" 
				   name="/com/agilent/profile/idm/rest/services/AgilentIDMUserService" method="addUser" method-return-var="idmUserResponse">			 
			<output name="idmUserResponse" id="idmUserResponse" value="${idmUserResponse}"/>
		</component>					
	</actor-chain>	
	<actor-chain id="updateUser" transaction="TX_SUPPORTS">		
		<component id="updateUser" 
				   name="/com/agilent/profile/idm/rest/services/AgilentIDMUserService" method="updateUser" method-return-var="idmUserResponse">			 
			<output name="idmUserResponse" id="idmUserResponse" value="${idmUserResponse}"/>
		</component>		
	</actor-chain>	
	<actor-chain id="retrieveUserMigrationDetails" transaction="TX_SUPPORTS">		
		<component id="updateUser" 
				   name="/com/agilent/profile/idm/rest/services/AgilentIDMUserService" method="retrieveUserMigrationDetails" method-return-var="idmUserResponse">			 
			<output name="idmUserResponse" id="idmUserResponse" value="${idmUserResponse}"/>
		</component>		
	</actor-chain>
	<actor-chain id="countryListDetails" transaction="TX_SUPPORTS">
		<droplet id="CountryListDetails" name="/com/agilent/common/CountryListDetails"
			var="countryListDetails">
			<input name="CountryCode" value="${param.CountryCode}" />
			<oparam name="output">
				<output name="countryList" value="${countryListDetails.countryListInfo}" />
			</oparam>
		</droplet>
	</actor-chain>
</actor-template>