<?xml version="1.0" encoding="ISO-8859-1" ?>
<!DOCTYPE gsa-template PUBLIC "-//Art Technology Group, Inc.//DTD General SQL Adapter//EN" "http://www.atg.com/dtds/gsa/gsa_1.0.dtd">
<gsa-template xml-combine="append">
    <header>
        <name>Agilent Site Repository Changes</name>
        <author>HCL Team</author>
    </header>
  	  <item-descriptor name="emailContent"  default="false" content="false" folder="false" use-id-for-path="false" hidden="false" expert="false" writable="true" cache-mode="simple" id-separator=":" display-property="countryCode">
        <table name="email_Content" type="primary" id-column-names="id">
            <property name="countryCode" column-name="country_code" data-type="string" required="false" readable="true" writable="true" queryable="true" default="English" hidden="false" expert="false" cache-mode="inherit"/>
            <property name="langCode" column-name="lang_Code" data-type="string" required="false" readable="true" writable="true" queryable="true" default="English" hidden="false" expert="false" cache-mode="inherit"/>
            <property name="greeting" column-name="greeting" data-type="string" required="false" readable="true" writable="true" queryable="true" default="English" hidden="false" expert="false" cache-mode="inherit"/>
            <property name="subject" column-name="subject" data-type="string" required="false" readable="true" writable="true" queryable="true" default="English" hidden="false" expert="false" cache-mode="inherit"/>
            <property name="body" column-name="body" data-type="big string" required="false" readable="true" writable="true" queryable="true" default="English" hidden="false" expert="false" cache-mode="inherit"/>
        </table>
    </item-descriptor>
</gsa-template>