<?xml version="1.0" encoding="UTF-8"?>

<!DOCTYPE applications SYSTEM "dynamosystemresource:/atg/dtds/application-configuration/application-configuration_1.0.dtd">

<applications>
    <application id="externalUsers">
    <resource-bundle>
      atg.remote.userprofiling.Resources
    </resource-bundle>
    <display-name-resource>
      personalization.users.displayName
    </display-name-resource>
    <class-name>
      /DPS-UI/js/atg/personalization/view/PersonalizationApplication
    </class-name>
    <acl>
      Profile$role$epubAdmin:read;Profile$role$epubSuperAdmin:read;Profile$role$epubManager:read;Profile$accessRight$externaluserfull:read
    </acl>
    <initializer>
      /atg/remote/userprofiling/assetmanager/ExternalUsersAssetManagerInitializer
    </initializer>
    <configuration>
      /atg/remote/assetmanager/PersonalizationConfiguration
    </configuration>
    <property name="flexApplicationId" value="externalUsers.flex"/>
    <sort-priority>
      31
    </sort-priority>
    <category>
      internalExternalUsersFlex
    </category>
  </application>
  
  <application id="externalUsers.flex">
    <class-name>
      atg.controlcenter.view.DividedApplication
    </class-name>
    <acl>
      Profile$role$epubAdmin:read;Profile$role$epubSuperAdmin:read;Profile$role$epubManager:read;Profile$accessRight$externaluserfull:read
    </acl>
    <initializer>
      /atg/remote/controlcenter/service/GenericDividedApplicationInitializer
    </initializer>
    <property name="isFlexApplication" value="true"/>
    <property name="workareaApplicationId" value="externalUsers_"/>
    <category>
      internalExternalUsersFlex
    </category>
  </application>
  
  <application id="externalUsers_" display="false">
    <class-name>
      atg.assetmanager.common.view.AssetManager
    </class-name>
    <initializer>
      /atg/remote/userprofiling/assetmanager/ExternalUsersAssetManagerInitializer
    </initializer>
    <configuration>
      /atg/remote/assetmanager/PersonalizationConfiguration
    </configuration>
    <category>
      internalExternalUsersFlex
    </category>
  </application>
</applications><!-- @version $Id: //product/DPS-UI/version/11.1/src/config/atg/remote/controlcenter/service/externalUsers.xml#1 $$Change: 875535 $-->

<!-- result of combining: 
     D:\ATG\ATG11.1\DPS-UI\config\config.jar/atg/remote/controlcenter/service/externalUsers.xml
-->