"LOGIN","FIRST_NAME","LAST_NAME","EMAIL","REGISTRATION_DATE","LASTACTIVITY_DATE","LASTPWDUPDATE","ACL","PROPERTY_ACL"
"admin","admin","admin","",,16-FEB-23,11-FEB-23,"Profile$role$epubSuperAdmin:read,write,list,destroy,read_owner,write_owner,read_acl,write_acl;","Profile$role$epubSuperAdmin:read,write;"
"super_admin","super_admin","admin","",,15-FEB-23,01-FEB-23,"Profile$login$super_admin:read,write,list,destroy,read_owner,write_owner,read_acl,write_acl;Profile$role$epubSuperAdmin:read,write,list,destroy,read_owner,write_owner,read_acl,write_acl;","Profile$role$CSR:write,read;Profile$role$epubSuperAdmin:write,read"
"sandeepk","sandeep","singh","sandeep-kumar.singh@agilent.com",,14-FEB-23,11-FEB-23,"Profile$login$sandeepk:read,write,list,destroy,read_owner,write_owner,read_acl,write_acl;Profile$role$epubSuperAdmin:read,write,list,destroy,read_owner,write_owner,read_acl,write_acl;","Profile$role$user_profiles:read;Profile$role$epubSuperAdmin:write,read;Profile$role$CSR:write,read"
"LISEANDE","Lisett","Andserson","lisett.anderson@agilent.com",,01-DEC-22,11-FEB-23,"Profile$login$LISEANDE:read,write,list,destroy,read_owner,write_owner,read_acl,write_acl;Profile$role$epubSuperAdmin:read,write,list,destroy,read_owner,write_owner,read_acl,write_acl;","Profile$role$epubSuperAdmin:read,write;Profile$role$user_profiles:read;Profile$role$CSR:read,write"
"ritgupta","Ritu","Gupta","ritu_gupta@agilent.com",,08-FEB-23,11-FEB-23,"Profile$login$ritgupta:read,write,list,destroy,read_owner,write_owner,read_acl,write_acl;Profile$role$epubSuperAdmin:read,write,list,destroy,read_owner,write_owner,read_acl,write_acl;","Profile$role$CSR:read,write;Profile$role$epubSuperAdmin:read,write;Profile$role$user_profiles:read"
"Zahirdeh","Zahira","Dehn","zahira.dehn@agilent.com",,13-FEB-23,13-FEB-23,"Profile$login$Zahirdeh:read,write,list,destroy,read_owner,write_owner,read_acl,write_acl;Profile$role$epubSuperAdmin:read,write,list,destroy,read_owner,write_owner,read_acl,write_acl;","Profile$role$epubSuperAdmin:read,write;Profile$role$CSR:read,write;Profile$role$user_profiles:read"
"ZHENG001","Zheng","Ying","ying.zheng@agilent.com",,02-FEB-23,02-FEB-23,"Profile$login$ZHENG001:read,write,list,destroy,read_owner,write_owner,read_acl,write_acl;Profile$role$epubSuperAdmin:read,write,list,destroy,read_owner,write_owner,read_acl,write_acl;","Profile$role$user_profiles:read;Profile$role$epubSuperAdmin:read,write;Profile$role$CSR:read,write"
"clangfor","christopher","langford","christopher_langford@agilent.com",,01-FEB-23,01-FEB-23,"Profile$login$clangfor:read,write,list,destroy,read_owner,write_owner,read_acl,write_acl;Profile$role$epubSuperAdmin:read,write,list,destroy,read_owner,write_owner,read_acl,write_acl;","Profile$role$user_profiles:read;Profile$role$epubSuperAdmin:write,read;Profile$role$CSR:write,read"
"fhowdhur","Faaria","Chowdhury","faaria.chowdhury@agilent.com",,10-FEB-23,10-FEB-23,"Profile$login$fhowdhur:read,write,list,destroy,read_owner,write_owner,read_acl,write_acl;Profile$role$epubSuperAdmin:read,write,list,destroy,read_owner,write_owner,read_acl,write_acl;","Profile$role$CSR:write,read;Profile$role$epubSuperAdmin:write,read;Profile$role$user_profiles:read"
"amitranj","Amitabh","Ranjan","amitabh.ranjan@agilent.com",,14-FEB-23,11-FEB-23,"Profile$login$amitranj:read,write,list,destroy,read_owner,write_owner,read_acl,write_acl;Profile$role$epubSuperAdmin:read,write,list,destroy,read_owner,write_owner,read_acl,write_acl;","Profile$role$user_profiles:read;Profile$role$epubSuperAdmin:write,read;Profile$role$CSR:write,read"
"mconrott","Miriam","Conrotto","miriam_conrotto@agilent.com",,10-FEB-23,10-FEB-23,"Profile$login$mconrott:read,write,list,destroy,read_owner,write_owner,read_acl,write_acl;Profile$role$epubSuperAdmin:read,write,list,destroy,read_owner,write_owner,read_acl,write_acl;","Profile$role$user_profiles:read;Profile$role$CSR:write,read;Profile$role$epubSuperAdmin:write,read"
"engleteh","ENG LEE","TEH","eng-lee_teh@agilent.com",,06-FEB-23,06-FEB-23,"Profile$login$engleteh:read,write,list,destroy,read_owner,write_owner,read_acl,write_acl;Profile$role$epubSuperAdmin:read,write,list,destroy,read_owner,write_owner,read_acl,write_acl;","Profile$role$epubSuperAdmin:write,read;Profile$role$user_profiles:read;Profile$role$CSR:write,read"
"mpanzuto","Marcello","Panzuto","marcello_panzuto@agilent.com",,03-JAN-23,11-FEB-23,"Profile$login$mpanzuto:read,write,list,destroy,read_owner,write_owner,read_acl,write_acl;Profile$role$epubSuperAdmin:read,write,list,destroy,read_owner,write_owner,read_acl,write_acl;","Profile$role$epubSuperAdmin:write,read;Profile$role$user_profiles:read;Profile$role$CSR:write,read"
"alijagic","aldin","alijagic","aldin.alijagic@agilent.com",,02-FEB-23,02-FEB-23,"Profile$login$alijagic:read,write,list,destroy,read_owner,write_owner,read_acl,write_acl;Profile$role$epubSuperAdmin:read,write,list,destroy,read_owner,write_owner,read_acl,write_acl;","Profile$role$CSR:read,write;Profile$role$epubSuperAdmin:read,write;Profile$role$user_profiles:read"
"varisaac","Varun","Isaac","varun.isaac@agilent.com",,03-FEB-23,03-FEB-23,"Profile$login$varisaac:read,write,list,destroy,read_owner,write_owner,read_acl,write_acl;Profile$role$epubSuperAdmin:read,write,list,destroy,read_owner,write_owner,read_acl,write_acl;","Profile$role$epubSuperAdmin:read,write;Profile$role$user_profiles:read;Profile$role$CSR:read,write"
"JENGAMER","jennifer","gamer","jennifer.gamer@agilent.com",,07-DEC-22,11-FEB-23,"Profile$login$JENGAMER:read,write,list,destroy,read_owner,write_owner,read_acl,write_acl;Profile$role$epubSuperAdmin:read,write,list,destroy,read_owner,write_owner,read_acl,write_acl;","Profile$role$epubSuperAdmin:read,write;Profile$role$user_profiles:read;Profile$role$CSR:read,write"
"teloomba","Tejusvi","Loomba","tejusvi.loomba@agilent.com",,29-NOV-22,11-FEB-23,"Profile$login$teloomba:read,write,list,destroy,read_owner,write_owner,read_acl,write_acl;Profile$role$epubSuperAdmin:read,write,list,destroy,read_owner,write_owner,read_acl,write_acl;","Profile$role$CSR:write,read;Profile$role$user_profiles:read;Profile$role$epubSuperAdmin:write,read"
"anchabok","anchalee","bok","anchalee_bok@agilent.com",,06-FEB-23,06-FEB-23,"Profile$login$anchabok:read,write,list,destroy,read_owner,write_owner,read_acl,write_acl;Profile$role$epubSuperAdmin:read,write,list,destroy,read_owner,write_owner,read_acl,write_acl;","Profile$role$user_profiles:read;Profile$role$epubSuperAdmin:read,write;Profile$role$CSR:read,write"
