<?xml version="1.0" encoding="ISO-8859-1" ?>

<!DOCTYPE task-configuration
        PUBLIC "-//Art Technology Group, Inc.//DTD Asset Manager Task Configuration//EN"
        "http://www.atg.com/dtds/task-configuration/task-configuration_2.0.dtd">

<task-configuration  xml-combine="append">

  <!-- ======================================================== -->
  <!-- DEFAULT ACTIVITY                                         -->
  <!-- ======================================================== -->
  
  <default-activity>
    <resource-bundle>
      atg.remote.assetmanager.Resources
    </resource-bundle>
        <!-- Hide the import button in the default activity -->
    <property name="showImportButton" value="true"/>
    
  </default-activity>
  
  <activity id="siteadmin.browseSiteAssets">
  
    <activity-id>
      siteadmin.manageSiteAssets
    </activity-id>
    
    <!-- Hide the import button in the default activity -->
    <property name="showImportButton" value="true"/>
    
  </activity>
  
</task-configuration>
<!-- @version $Id: //product/SiteAdmin/version/10.1.1/src/config/atg/remote/multisite/assetmanager/taskConfiguration.xml#1 $$Change: 690623 $-->
