<?xml version="1.0" encoding="UTF-8"?>

<!DOCTYPE secured-repository-template SYSTEM "dynamosystemresource:/atg/dtds/security/secured_repository_template_1.0.dtd">

<secured-repository-template>

	<item-descriptor name="catalog">
		<descriptor-acl
			value="Admin$role$administrators-group:read,write,create,delete;Admin$role$everyone-group:read;Profile$role$epubSuperAdmin:read,write,create,delete;Profile$role$epubAdmin:read,write,create,delete;Profile$role$epubManager:create,write,read,delete;Profile$role$Publisher:create,write,delete,read;Profile$role$Approver:create,write,delete,read;" />


		<!-- The property that the ACL will be stored in -->
		<acl-property name="itemAcl" />


		<!-- An ACL fragment that is assigned to all new items -->
		<creation-base-acl
			value="Admin$role$administrators-group:read,write,list,destroy,read_owner,write_owner,read_acl,write_acl;Admin$role$everyone-group:read,list;Profile$role$epubSuperAdmin:read,write,list,destroy,read_owner,write_owner,read_acl,write_acl;Profile$role$epubAdmin:read,write,list,destroy,read_owner,write_owner,read_acl,write_acl;Profile$role$epubManager:read,write,list,destroy,read_owner,write_owner,read_acl,write_acl;Profile$role$Publisher:read,write,list,destroy,read_owner,write_owner,read_acl,write_acl;Profile$role$Approver:read,write,list,destroy,read_owner,write_owner,read_acl,write_acl;" />
	</item-descriptor>

	<item-descriptor name="category">

		<descriptor-acl
			value="Admin$role$administrators-group:read,write,create,delete;Admin$role$everyone-group:read;Profile$role$epubSuperAdmin:read,write,create,delete;Profile$role$epubAdmin:read,write,create,delete;Profile$role$epubManager:create,write,read,delete;Profile$role$Publisher:create,write,delete,read;Profile$role$Approver:create,write,delete,read;" />


		<!-- The property that the ACL will be stored in -->
		<acl-property name="itemAcl" />


		<!-- An ACL fragment that is assigned to all new items -->
		<creation-base-acl
			value="Admin$role$administrators-group:read,write,list,destroy,read_owner,write_owner,read_acl,write_acl;Admin$role$everyone-group:read,list;Profile$role$epubSuperAdmin:read,write,list,destroy,read_owner,write_owner,read_acl,write_acl;Profile$role$epubAdmin:read,write,list,destroy,read_owner,write_owner,read_acl,write_acl;Profile$role$epubManager:read,write,list,destroy,read_owner,write_owner,read_acl,write_acl;Profile$role$Publisher:read,write,list,destroy,read_owner,write_owner,read_acl,write_acl;Profile$role$Approver:read,write,list,destroy,read_owner,write_owner,read_acl,write_acl;" />
	</item-descriptor>

	<item-descriptor name="category-info">

		<descriptor-acl
			value="Admin$role$administrators-group:read,write,create,delete;Admin$role$everyone-group:read;Profile$role$epubSuperAdmin:read,write,create,delete;Profile$role$epubAdmin:read,write,create,delete;Profile$role$epubManager:create,write,read,delete;Profile$role$Publisher:create,write,delete,read;Profile$role$Approver:create,write,delete,read;" />


		<!-- The property that the ACL will be stored in -->
		<acl-property name="itemAcl" />


		<!-- An ACL fragment that is assigned to all new items -->
		<creation-base-acl
			value="Admin$role$administrators-group:read,write,list,destroy,read_owner,write_owner,read_acl,write_acl;Admin$role$everyone-group:read,list;Profile$role$epubSuperAdmin:read,write,list,destroy,read_owner,write_owner,read_acl,write_acl;Profile$role$epubAdmin:read,write,list,destroy,read_owner,write_owner,read_acl,write_acl;Profile$role$epubManager:read,write,list,destroy,read_owner,write_owner,read_acl,write_acl;Profile$role$Publisher:read,write,list,destroy,read_owner,write_owner,read_acl,write_acl;Profile$role$Approver:read,write,list,destroy,read_owner,write_owner,read_acl,write_acl;" />
	</item-descriptor>

	<item-descriptor name="product">

		<descriptor-acl
			value="Admin$role$administrators-group:read,write,create,delete;Admin$role$everyone-group:read;Profile$role$epubSuperAdmin:read,write,create,delete;Profile$role$epubAdmin:read,write,create,delete;Profile$role$epubManager:create,write,read,delete;Profile$role$Publisher:create,write,delete,read;Profile$role$Approver:create,write,delete,read;" />


		<!-- The property that the ACL will be stored in -->
		<acl-property name="itemAcl" />


		<!-- An ACL fragment that is assigned to all new items -->
		<creation-base-acl
			value="Admin$role$administrators-group:read,write,list,destroy,read_owner,write_owner,read_acl,write_acl;Admin$role$everyone-group:read,list;Profile$role$epubSuperAdmin:read,write,list,destroy,read_owner,write_owner,read_acl,write_acl;Profile$role$epubAdmin:read,write,list,destroy,read_owner,write_owner,read_acl,write_acl;Profile$role$epubManager:read,write,list,destroy,read_owner,write_owner,read_acl,write_acl;Profile$role$Publisher:read,write,list,destroy,read_owner,write_owner,read_acl,write_acl;Profile$role$Approver:read,write,list,destroy,read_owner,write_owner,read_acl,write_acl;" />
	</item-descriptor>

	<item-descriptor name="product-info">

		<descriptor-acl
			value="Admin$role$administrators-group:read,write,create,delete;Admin$role$everyone-group:read;Profile$role$epubSuperAdmin:read,write,create,delete;Profile$role$epubAdmin:read,write,create,delete;Profile$role$epubManager:create,write,read,delete;Profile$role$Publisher:create,write,delete,read;Profile$role$Approver:create,write,delete,read;" />


		<!-- The property that the ACL will be stored in -->
		<acl-property name="itemAcl" />


		<!-- An ACL fragment that is assigned to all new items -->
		<creation-base-acl
			value="Admin$role$administrators-group:read,write,list,destroy,read_owner,write_owner,read_acl,write_acl;Admin$role$everyone-group:read,list;Profile$role$epubSuperAdmin:read,write,list,destroy,read_owner,write_owner,read_acl,write_acl;Profile$role$epubAdmin:read,write,list,destroy,read_owner,write_owner,read_acl,write_acl;Profile$role$epubManager:read,write,list,destroy,read_owner,write_owner,read_acl,write_acl;Profile$role$Publisher:read,write,list,destroy,read_owner,write_owner,read_acl,write_acl;Profile$role$Approver:read,write,list,destroy,read_owner,write_owner,read_acl,write_acl;" />
	</item-descriptor>

	<item-descriptor name="sureFish">

		<descriptor-acl
			value="Admin$role$administrators-group:read,write,create,delete;Admin$role$everyone-group:read;Profile$role$epubSuperAdmin:read,write,create,delete;Profile$role$epubAdmin:read,write,create,delete;Profile$role$epubManager:create,write,read,delete;Profile$role$Publisher:create,write,delete,read;Profile$role$Approver:create,write,delete,read;" />


		<!-- The property that the ACL will be stored in -->
		<acl-property name="itemAcl" />


		<!-- An ACL fragment that is assigned to all new items -->
		<creation-base-acl
			value="Admin$role$administrators-group:read,write,list,destroy,read_owner,write_owner,read_acl,write_acl;Admin$role$everyone-group:read,list;Profile$role$epubSuperAdmin:read,write,list,destroy,read_owner,write_owner,read_acl,write_acl;Profile$role$epubAdmin:read,write,list,destroy,read_owner,write_owner,read_acl,write_acl;Profile$role$epubManager:read,write,list,destroy,read_owner,write_owner,read_acl,write_acl;Profile$role$Publisher:read,write,list,destroy,read_owner,write_owner,read_acl,write_acl;Profile$role$Approver:read,write,list,destroy,read_owner,write_owner,read_acl,write_acl;" />
	</item-descriptor>

	<item-descriptor name="sureFishHybridization">

		<descriptor-acl
			value="Admin$role$administrators-group:read,write,create,delete;Admin$role$everyone-group:read;Profile$role$epubSuperAdmin:read,write,create,delete;Profile$role$epubAdmin:read,write,create,delete;Profile$role$epubManager:create,write,read,delete;Profile$role$Publisher:create,write,delete,read;Profile$role$Approver:create,write,delete,read;" />


		<!-- The property that the ACL will be stored in -->
		<acl-property name="itemAcl" />


		<!-- An ACL fragment that is assigned to all new items -->
		<creation-base-acl
			value="Admin$role$administrators-group:read,write,list,destroy,read_owner,write_owner,read_acl,write_acl;Admin$role$everyone-group:read,list;Profile$role$epubSuperAdmin:read,write,list,destroy,read_owner,write_owner,read_acl,write_acl;Profile$role$epubAdmin:read,write,list,destroy,read_owner,write_owner,read_acl,write_acl;Profile$role$epubManager:read,write,list,destroy,read_owner,write_owner,read_acl,write_acl;Profile$role$Publisher:read,write,list,destroy,read_owner,write_owner,read_acl,write_acl;Profile$role$Approver:read,write,list,destroy,read_owner,write_owner,read_acl,write_acl;" />
	</item-descriptor>

	<item-descriptor name="childProbes">

		<descriptor-acl
			value="Admin$role$administrators-group:read,write,create,delete;Admin$role$everyone-group:read;Profile$role$epubSuperAdmin:read,write,create,delete;Profile$role$epubAdmin:read,write,create,delete;Profile$role$epubManager:create,write,read,delete;Profile$role$Publisher:create,write,delete,read;Profile$role$Approver:create,write,delete,read;" />


		<!-- The property that the ACL will be stored in -->
		<acl-property name="itemAcl" />


		<!-- An ACL fragment that is assigned to all new items -->
		<creation-base-acl
			value="Admin$role$administrators-group:read,write,list,destroy,read_owner,write_owner,read_acl,write_acl;Admin$role$everyone-group:read,list;Profile$role$epubSuperAdmin:read,write,list,destroy,read_owner,write_owner,read_acl,write_acl;Profile$role$epubAdmin:read,write,list,destroy,read_owner,write_owner,read_acl,write_acl;Profile$role$epubManager:read,write,list,destroy,read_owner,write_owner,read_acl,write_acl;Profile$role$Publisher:read,write,list,destroy,read_owner,write_owner,read_acl,write_acl;Profile$role$Approver:read,write,list,destroy,read_owner,write_owner,read_acl,write_acl;" />
	</item-descriptor>

	<item-descriptor name="genes">

		<descriptor-acl
			value="Admin$role$administrators-group:read,write,create,delete;Admin$role$everyone-group:read;Profile$role$epubSuperAdmin:read,write,create,delete;Profile$role$epubAdmin:read,write,create,delete;Profile$role$epubManager:create,write,read,delete;Profile$role$Publisher:create,write,delete,read;Profile$role$Approver:create,write,delete,read;" />


		<!-- The property that the ACL will be stored in -->
		<acl-property name="itemAcl" />


		<!-- An ACL fragment that is assigned to all new items -->
		<creation-base-acl
			value="Admin$role$administrators-group:read,write,list,destroy,read_owner,write_owner,read_acl,write_acl;Admin$role$everyone-group:read,list;Profile$role$epubSuperAdmin:read,write,list,destroy,read_owner,write_owner,read_acl,write_acl;Profile$role$epubAdmin:read,write,list,destroy,read_owner,write_owner,read_acl,write_acl;Profile$role$epubManager:read,write,list,destroy,read_owner,write_owner,read_acl,write_acl;Profile$role$Publisher:read,write,list,destroy,read_owner,write_owner,read_acl,write_acl;Profile$role$Approver:read,write,list,destroy,read_owner,write_owner,read_acl,write_acl;" />
	</item-descriptor>

	<item-descriptor name="cytoBands">

		<descriptor-acl
			value="Admin$role$administrators-group:read,write,create,delete;Admin$role$everyone-group:read;Profile$role$epubSuperAdmin:read,write,create,delete;Profile$role$epubAdmin:read,write,create,delete;Profile$role$epubManager:create,write,read,delete;Profile$role$Publisher:create,write,delete,read;Profile$role$Approver:create,write,delete,read;" />


		<!-- The property that the ACL will be stored in -->
		<acl-property name="itemAcl" />


		<!-- An ACL fragment that is assigned to all new items -->
		<creation-base-acl
			value="Admin$role$administrators-group:read,write,list,destroy,read_owner,write_owner,read_acl,write_acl;Admin$role$everyone-group:read,list;Profile$role$epubSuperAdmin:read,write,list,destroy,read_owner,write_owner,read_acl,write_acl;Profile$role$epubAdmin:read,write,list,destroy,read_owner,write_owner,read_acl,write_acl;Profile$role$epubManager:read,write,list,destroy,read_owner,write_owner,read_acl,write_acl;Profile$role$Publisher:read,write,list,destroy,read_owner,write_owner,read_acl,write_acl;Profile$role$Approver:read,write,list,destroy,read_owner,write_owner,read_acl,write_acl;" />
	</item-descriptor>

	<item-descriptor name="itemsColor">

		<descriptor-acl
			value="Admin$role$administrators-group:read,write,create,delete;Admin$role$everyone-group:read;Profile$role$epubSuperAdmin:read,write,create,delete;Profile$role$epubAdmin:read,write,create,delete;Profile$role$epubManager:create,write,read,delete;Profile$role$Publisher:create,write,delete,read;Profile$role$Approver:create,write,delete,read;" />


		<!-- The property that the ACL will be stored in -->
		<acl-property name="itemAcl" />


		<!-- An ACL fragment that is assigned to all new items -->
		<creation-base-acl
			value="Admin$role$administrators-group:read,write,list,destroy,read_owner,write_owner,read_acl,write_acl;Admin$role$everyone-group:read,list;Profile$role$epubSuperAdmin:read,write,list,destroy,read_owner,write_owner,read_acl,write_acl;Profile$role$epubAdmin:read,write,list,destroy,read_owner,write_owner,read_acl,write_acl;Profile$role$epubManager:read,write,list,destroy,read_owner,write_owner,read_acl,write_acl;Profile$role$Publisher:read,write,list,destroy,read_owner,write_owner,read_acl,write_acl;Profile$role$Approver:read,write,list,destroy,read_owner,write_owner,read_acl,write_acl;" />
	</item-descriptor>

	<item-descriptor name="probeMap">

		<descriptor-acl
			value="Admin$role$administrators-group:read,write,create,delete;Admin$role$everyone-group:read;Profile$role$epubSuperAdmin:read,write,create,delete;Profile$role$epubAdmin:read,write,create,delete;Profile$role$epubManager:create,write,read,delete;Profile$role$Publisher:create,write,delete,read;Profile$role$Approver:create,write,delete,read;" />


		<!-- The property that the ACL will be stored in -->
		<acl-property name="itemAcl" />


		<!-- An ACL fragment that is assigned to all new items -->
		<creation-base-acl
			value="Admin$role$administrators-group:read,write,list,destroy,read_owner,write_owner,read_acl,write_acl;Admin$role$everyone-group:read,list;Profile$role$epubSuperAdmin:read,write,list,destroy,read_owner,write_owner,read_acl,write_acl;Profile$role$epubAdmin:read,write,list,destroy,read_owner,write_owner,read_acl,write_acl;Profile$role$epubManager:read,write,list,destroy,read_owner,write_owner,read_acl,write_acl;Profile$role$Publisher:read,write,list,destroy,read_owner,write_owner,read_acl,write_acl;Profile$role$Approver:read,write,list,destroy,read_owner,write_owner,read_acl,write_acl;" />
	</item-descriptor>

	<item-descriptor name="sku">

		<descriptor-acl
			value="Admin$role$administrators-group:read,write,create,delete;Admin$role$everyone-group:read;Profile$role$epubSuperAdmin:read,write,create,delete;Profile$role$epubAdmin:read,write,create,delete;Profile$role$epubManager:create,write,read,delete;Profile$role$Publisher:create,write,delete,read;Profile$role$Approver:create,write,delete,read;" />


		<!-- The property that the ACL will be stored in -->
		<acl-property name="itemAcl" />


		<!-- An ACL fragment that is assigned to all new items -->
		<creation-base-acl
			value="Admin$role$administrators-group:read,write,list,destroy,read_owner,write_owner,read_acl,write_acl;Admin$role$everyone-group:read,list;Profile$role$epubSuperAdmin:read,write,list,destroy,read_owner,write_owner,read_acl,write_acl;Profile$role$epubAdmin:read,write,list,destroy,read_owner,write_owner,read_acl,write_acl;Profile$role$epubManager:read,write,list,destroy,read_owner,write_owner,read_acl,write_acl;Profile$role$Publisher:read,write,list,destroy,read_owner,write_owner,read_acl,write_acl;Profile$role$Approver:read,write,list,destroy,read_owner,write_owner,read_acl,write_acl;" />
	</item-descriptor>

	<item-descriptor name="sku-info">

		<descriptor-acl
			value="Admin$role$administrators-group:read,write,create,delete;Admin$role$everyone-group:read;Profile$role$epubSuperAdmin:read,write,create,delete;Profile$role$epubAdmin:read,write,create,delete;Profile$role$epubManager:create,write,read,delete;Profile$role$Publisher:create,write,delete,read;Profile$role$Approver:create,write,delete,read;" />


		<!-- The property that the ACL will be stored in -->
		<acl-property name="itemAcl" />


		<!-- An ACL fragment that is assigned to all new items -->
		<creation-base-acl
			value="Admin$role$administrators-group:read,write,list,destroy,read_owner,write_owner,read_acl,write_acl;Admin$role$everyone-group:read,list;Profile$role$epubSuperAdmin:read,write,list,destroy,read_owner,write_owner,read_acl,write_acl;Profile$role$epubAdmin:read,write,list,destroy,read_owner,write_owner,read_acl,write_acl;Profile$role$epubManager:read,write,list,destroy,read_owner,write_owner,read_acl,write_acl;Profile$role$Publisher:read,write,list,destroy,read_owner,write_owner,read_acl,write_acl;Profile$role$Approver:read,write,list,destroy,read_owner,write_owner,read_acl,write_acl;" />
	</item-descriptor>

	<item-descriptor name="genericFolder">

		<descriptor-acl
			value="Admin$role$administrators-group:read,write,create,delete;Admin$role$everyone-group:read;Profile$role$epubSuperAdmin:read,write,create,delete;Profile$role$epubAdmin:read,write,create,delete;Profile$role$epubManager:create,write,read,delete;Profile$role$Publisher:create,write,delete,read;Profile$role$Approver:create,write,delete,read;" />


		<!-- The property that the ACL will be stored in -->
		<acl-property name="itemAcl" />


		<!-- An ACL fragment that is assigned to all new items -->
		<creation-base-acl
			value="Admin$role$administrators-group:read,write,list,destroy,read_owner,write_owner,read_acl,write_acl;Admin$role$everyone-group:read,list;Profile$role$epubSuperAdmin:read,write,list,destroy,read_owner,write_owner,read_acl,write_acl;Profile$role$epubAdmin:read,write,list,destroy,read_owner,write_owner,read_acl,write_acl;Profile$role$epubManager:read,write,list,destroy,read_owner,write_owner,read_acl,write_acl;Profile$role$Publisher:read,write,list,destroy,read_owner,write_owner,read_acl,write_acl;Profile$role$Approver:read,write,list,destroy,read_owner,write_owner,read_acl,write_acl;" />
	</item-descriptor>

	<item-descriptor name="sku-link">

		<descriptor-acl
			value="Admin$role$administrators-group:read,write,create,delete;Admin$role$everyone-group:read;Profile$role$epubSuperAdmin:read,write,create,delete;Profile$role$epubAdmin:read,write,create,delete;Profile$role$epubManager:create,write,read,delete;Profile$role$Publisher:create,write,delete,read;Profile$role$Approver:create,write,delete,read;" />


		<!-- The property that the ACL will be stored in -->
		<acl-property name="itemAcl" />


		<!-- An ACL fragment that is assigned to all new items -->
		<creation-base-acl
			value="Admin$role$administrators-group:read,write,list,destroy,read_owner,write_owner,read_acl,write_acl;Admin$role$everyone-group:read,list;Profile$role$epubSuperAdmin:read,write,list,destroy,read_owner,write_owner,read_acl,write_acl;Profile$role$epubAdmin:read,write,list,destroy,read_owner,write_owner,read_acl,write_acl;Profile$role$epubManager:read,write,list,destroy,read_owner,write_owner,read_acl,write_acl;Profile$role$Publisher:read,write,list,destroy,read_owner,write_owner,read_acl,write_acl;Profile$role$Approver:read,write,list,destroy,read_owner,write_owner,read_acl,write_acl;" />
	</item-descriptor>

	<item-descriptor name="configurableSku">

		<descriptor-acl
			value="Admin$role$administrators-group:read,write,create,delete;Admin$role$everyone-group:read;Profile$role$epubSuperAdmin:read,write,create,delete;Profile$role$epubAdmin:read,write,create,delete;Profile$role$epubManager:create,write,read,delete;Profile$role$Publisher:create,write,delete,read;Profile$role$Approver:create,write,delete,read;" />


		<!-- The property that the ACL will be stored in -->
		<acl-property name="itemAcl" />


		<!-- An ACL fragment that is assigned to all new items -->
		<creation-base-acl
			value="Admin$role$administrators-group:read,write,list,destroy,read_owner,write_owner,read_acl,write_acl;Admin$role$everyone-group:read,list;Profile$role$epubSuperAdmin:read,write,list,destroy,read_owner,write_owner,read_acl,write_acl;Profile$role$epubAdmin:read,write,list,destroy,read_owner,write_owner,read_acl,write_acl;Profile$role$epubManager:read,write,list,destroy,read_owner,write_owner,read_acl,write_acl;Profile$role$Publisher:read,write,list,destroy,read_owner,write_owner,read_acl,write_acl;Profile$role$Approver:read,write,list,destroy,read_owner,write_owner,read_acl,write_acl;" />
	</item-descriptor>

	<item-descriptor name="configurableProperty">

		<descriptor-acl
			value="Admin$role$administrators-group:read,write,create,delete;Admin$role$everyone-group:read;Profile$role$epubSuperAdmin:read,write,create,delete;Profile$role$epubAdmin:read,write,create,delete;Profile$role$epubManager:create,write,read,delete;Profile$role$Publisher:create,write,delete,read;Profile$role$Approver:create,write,delete,read;" />


		<!-- The property that the ACL will be stored in -->
		<acl-property name="itemAcl" />


		<!-- An ACL fragment that is assigned to all new items -->
		<creation-base-acl
			value="Admin$role$administrators-group:read,write,list,destroy,read_owner,write_owner,read_acl,write_acl;Admin$role$everyone-group:read,list;Profile$role$epubSuperAdmin:read,write,list,destroy,read_owner,write_owner,read_acl,write_acl;Profile$role$epubAdmin:read,write,list,destroy,read_owner,write_owner,read_acl,write_acl;Profile$role$epubManager:read,write,list,destroy,read_owner,write_owner,read_acl,write_acl;Profile$role$Publisher:read,write,list,destroy,read_owner,write_owner,read_acl,write_acl;Profile$role$Approver:read,write,list,destroy,read_owner,write_owner,read_acl,write_acl;" />
	</item-descriptor>

	<item-descriptor name="configurationOption">
		<descriptor-acl
			value="Admin$role$administrators-group:read,write,create,delete;Admin$role$everyone-group:read;Profile$role$epubSuperAdmin:read,write,create,delete;Profile$role$epubAdmin:read,write,create,delete;Profile$role$epubManager:create,write,read,delete;Profile$role$Publisher:create,write,delete,read;Profile$role$Approver:create,write,delete,read;" />


		<!-- The property that the ACL will be stored in -->
		<acl-property name="itemAcl" />


		<!-- An ACL fragment that is assigned to all new items -->
		<creation-base-acl
			value="Admin$role$administrators-group:read,write,list,destroy,read_owner,write_owner,read_acl,write_acl;Admin$role$everyone-group:read,list;Profile$role$epubSuperAdmin:read,write,list,destroy,read_owner,write_owner,read_acl,write_acl;Profile$role$epubAdmin:read,write,list,destroy,read_owner,write_owner,read_acl,write_acl;Profile$role$epubManager:read,write,list,destroy,read_owner,write_owner,read_acl,write_acl;Profile$role$Publisher:read,write,list,destroy,read_owner,write_owner,read_acl,write_acl;Profile$role$Approver:read,write,list,destroy,read_owner,write_owner,read_acl,write_acl;" />
	</item-descriptor>

	<item-descriptor name="foreignCatalog">

		<descriptor-acl
			value="Admin$role$administrators-group:read,write,create,delete;Admin$role$everyone-group:read;Profile$role$epubSuperAdmin:read,write,create,delete;Profile$role$epubAdmin:read,write,create,delete;Profile$role$epubManager:create,write,read,delete;Profile$role$Publisher:create,write,delete,read;Profile$role$Approver:create,write,delete,read;" />


		<!-- The property that the ACL will be stored in -->
		<acl-property name="itemAcl" />


		<!-- An ACL fragment that is assigned to all new items -->
		<creation-base-acl
			value="Admin$role$administrators-group:read,write,list,destroy,read_owner,write_owner,read_acl,write_acl;Admin$role$everyone-group:read,list;Profile$role$epubSuperAdmin:read,write,list,destroy,read_owner,write_owner,read_acl,write_acl;Profile$role$epubAdmin:read,write,list,destroy,read_owner,write_owner,read_acl,write_acl;Profile$role$epubManager:read,write,list,destroy,read_owner,write_owner,read_acl,write_acl;Profile$role$Publisher:read,write,list,destroy,read_owner,write_owner,read_acl,write_acl;Profile$role$Approver:read,write,list,destroy,read_owner,write_owner,read_acl,write_acl;" />
	</item-descriptor>


	<item-descriptor name="catalogFolder">

		<!-- the ACL that applies to the item view/descriptor -->
		<descriptor-acl
			value="Admin$role$administrators-group:read,write,create,delete;Admin$role$everyone-group:read;Profile$role$epubSuperAdmin:read,write,create,delete;Profile$role$epubAdmin:read,write,create,delete;Profile$role$epubManager:create,write,read,delete;Profile$role$Publisher:create,write,delete,read;Profile$role$Approver:create,write,delete,read;" />


		<!-- The property that the ACL will be stored in -->
		<acl-property name="itemAcl" />


		<!-- An ACL fragment that is assigned to all new items -->
		<creation-base-acl
			value="Admin$role$administrators-group:read,write,list,destroy,read_owner,write_owner,read_acl,write_acl;Admin$role$everyone-group:read,list;Profile$role$epubSuperAdmin:read,write,list,destroy,read_owner,write_owner,read_acl,write_acl;Profile$role$epubAdmin:read,write,list,destroy,read_owner,write_owner,read_acl,write_acl;Profile$role$epubManager:read,write,list,destroy,read_owner,write_owner,read_acl,write_acl;Profile$role$Publisher:read,write,list,destroy,read_owner,write_owner,read_acl,write_acl;Profile$role$Approver:read,write,list,destroy,read_owner,write_owner,read_acl,write_acl;" />

	</item-descriptor>


</secured-repository-template>