<?xml version="1.0" encoding="UTF-8"?>
<weblogic-web-app xmlns="http://xmlns.oracle.com/weblogic/weblogic-web-app"
       xmlns:xsi="http://www.w3.org/2001/XMLSchema-instance"
       xsi:schemaLocation="http://java.sun.com/xml/ns/javaee http://java.sun.com/xml/ns/javaee/web-app_2_5.xsd      http://xmlns.oracle.com/weblogic/weblogic-web-app http://xmlns.oracle.com/weblogic/weblogic-web-app/1.2/weblogic-web-app.xsd">
       <context-root>/LogisticsWebservice</context-root>
       <container-descriptor>              
              <prefer-application-resources>
                     <resource-name>META-INF/services/*</resource-name>
              </prefer-application-resources>
       </container-descriptor>
</weblogic-web-app>
