<?xml version="1.0"?>
<!DOCTYPE application PUBLIC "-//Sun Microsystems, Inc.//DTD J2EE Application 1.3//EN" "http://java.sun.com/dtd/application_1_3.dtd">

<application>
	<display-name>Webservice</display-name>
	<description>Webservice ear file</description>



	<module>
		<web>
			<web-uri>Webservice.war</web-uri>
			<context-root>/AgilentStoreServices</context-root>
		</web>
	</module>
</application>
<!-- @version $Id: //product/Eclipse/version/3.2/plugins/project/atg.project/templates/application.xml#1 $$Change: 404197 $ -->
