<find-configuration site-filtering="true">
	<asset-family id="contentRepository" site-filtering="false">
		<display-name>Content Repository</display-name>
		<enable-default-query>true</enable-default-query>
		<enable-filter-as-you-type>true</enable-filter-as-you-type>
		<result-list page-size="100" />
		<default-asset-type>newsItems</default-asset-type>

		<asset-type id="newsItems" site-filtering="false">
			<enable-default-query>true</enable-default-query>
			<enable-filter-as-you-type>true</enable-filter-as-you-type>
			<repository-path>/com/agilent/content/ContentRepository
			</repository-path>
			<repository-item-type>newsItems</repository-item-type>
		</asset-type>

		<asset-type id="vectorGroup" site-filtering="false">
			<enable-default-query>true</enable-default-query>
			<enable-filter-as-you-type>true</enable-filter-as-you-type>
			<repository-path>/com/agilent/content/ContentRepository
			</repository-path>
			<repository-item-type>vectorGroup</repository-item-type>
		</asset-type>

		<asset-type id="vector" site-filtering="false">
			<enable-default-query>true</enable-default-query>
			<enable-filter-as-you-type>true</enable-filter-as-you-type>
			<repository-path>/com/agilent/content/ContentRepository
			</repository-path>
			<repository-item-type>vector</repository-item-type>
		</asset-type>

		<asset-type id="MXDownload" site-filtering="false">
			<enable-default-query>true</enable-default-query>
			<enable-filter-as-you-type>true</enable-filter-as-you-type>
			<repository-path>/com/agilent/content/ContentRepository
			</repository-path>
			<repository-item-type>MXDownload</repository-item-type>
		</asset-type>

		<asset-type id="seminars" site-filtering="false">
			<enable-default-query>true</enable-default-query>
			<enable-filter-as-you-type>true</enable-filter-as-you-type>
			<repository-path>/com/agilent/content/ContentRepository
			</repository-path>
			<repository-item-type>seminars</repository-item-type>
		</asset-type>

		<asset-type id="distributor" site-filtering="false">
			<enable-default-query>true</enable-default-query>
			<enable-filter-as-you-type>true</enable-filter-as-you-type>
			<repository-path>/com/agilent/content/ContentRepository
			</repository-path>
			<repository-item-type>distributor</repository-item-type>
		</asset-type>

		<asset-type id="shows" site-filtering="false">
			<enable-default-query>true</enable-default-query>
			<enable-filter-as-you-type>true</enable-filter-as-you-type>
			<repository-path>/com/agilent/content/ContentRepository
			</repository-path>
			<repository-item-type>shows</repository-item-type>
		</asset-type>

		<asset-type id="ezaccessPrograms" site-filtering="false">
			<enable-default-query>true</enable-default-query>
			<enable-filter-as-you-type>true</enable-filter-as-you-type>
			<repository-path>/com/agilent/content/ContentRepository
			</repository-path>
			<repository-item-type>ezaccessPrograms</repository-item-type>
		</asset-type>

		<asset-type id="ezaccessFiles" site-filtering="false">
			<enable-default-query>true</enable-default-query>
			<enable-filter-as-you-type>true</enable-filter-as-you-type>
			<repository-path>/com/agilent/content/ContentRepository
			</repository-path>
			<repository-item-type>ezaccessFiles</repository-item-type>
		</asset-type>

		<asset-type id="genericPages" site-filtering="false">
			<enable-default-query>true</enable-default-query>
			<enable-filter-as-you-type>true</enable-filter-as-you-type>
			<repository-path>/com/agilent/content/ContentRepository
			</repository-path>
			<repository-item-type>genericPages</repository-item-type>
		</asset-type>

		<asset-type id="exportLibrary" site-filtering="false">
			<enable-default-query>true</enable-default-query>
			<enable-filter-as-you-type>true</enable-filter-as-you-type>
			<repository-path>/com/agilent/content/ContentRepository
			</repository-path>
			<repository-item-type>exportLibrary</repository-item-type>
		</asset-type>

		<asset-type id="advertisement" site-filtering="false">
			<enable-default-query>true</enable-default-query>
			<enable-filter-as-you-type>true</enable-filter-as-you-type>
			<repository-path>/com/agilent/content/ContentRepository
			</repository-path>
			<repository-item-type>advertisement</repository-item-type>
		</asset-type>

		<asset-type id="videos" site-filtering="false">
			<enable-default-query>true</enable-default-query>
			<enable-filter-as-you-type>true</enable-filter-as-you-type>
			<repository-path>/com/agilent/content/ContentRepository
			</repository-path>
			<repository-item-type>videos</repository-item-type>
		</asset-type>


		<asset-type id="faq" site-filtering="false">
			<enable-default-query>true</enable-default-query>
			<enable-filter-as-you-type>true</enable-filter-as-you-type>
			<repository-path>/com/agilent/content/ContentRepository
			</repository-path>
			<repository-item-type>faq</repository-item-type>
		</asset-type>

		<asset-type id="manuals" site-filtering="false">
			<enable-default-query>true</enable-default-query>
			<enable-filter-as-you-type>true</enable-filter-as-you-type>
			<repository-path>/com/agilent/content/ContentRepository
			</repository-path>
			<repository-item-type>manuals</repository-item-type>
		</asset-type>

		<asset-type id="application" site-filtering="false">
			<enable-default-query>true</enable-default-query>
			<enable-filter-as-you-type>true</enable-filter-as-you-type>
			<repository-path>/com/agilent/content/ContentRepository
			</repository-path>
			<repository-item-type>application</repository-item-type>
		</asset-type>

		<asset-type id="URL404Redirection" site-filtering="false">
			<enable-default-query>true</enable-default-query>
			<enable-filter-as-you-type>true</enable-filter-as-you-type>
			<repository-path>/com/agilent/content/ContentRepository
			</repository-path>
			<repository-item-type>404URLRedirection</repository-item-type>
		</asset-type>

		<asset-type id="campaign" site-filtering="false">
			<enable-default-query>true</enable-default-query>
			<enable-filter-as-you-type>true</enable-filter-as-you-type>
			<repository-path>/com/agilent/content/ContentRepository
			</repository-path>
			<repository-item-type>campaign</repository-item-type>
		</asset-type>

		<asset-type id="dakoCountry" site-filtering="false">
			<enable-default-query>true</enable-default-query>
			<enable-filter-as-you-type>true</enable-filter-as-you-type>
			<repository-path>/com/agilent/content/ContentRepository
			</repository-path>
			<repository-item-type>dakoCountry</repository-item-type>
		</asset-type>
		
		<asset-type id="punchoutHomePage" site-filtering="false">
			<enable-default-query>true</enable-default-query>
			<enable-filter-as-you-type>true</enable-filter-as-you-type>
			<repository-path>/com/agilent/content/ContentRepository
			</repository-path>
			<repository-item-type>punchoutHomePage</repository-item-type>
		</asset-type>
		<asset-type id="categoryMapping" site-filtering="false">
			<enable-default-query>true</enable-default-query>
			<enable-filter-as-you-type>true</enable-filter-as-you-type>
			<repository-path>/com/agilent/content/ContentRepository
			</repository-path>
			<repository-item-type>browseProducts</repository-item-type>
		</asset-type>
		
	</asset-family>


	<asset-family id="storeTextRepository" site-filtering="false">
		<display-name>Store Text Repository</display-name>
		<enable-default-query>true</enable-default-query>
		<enable-filter-as-you-type>true</enable-filter-as-you-type>
		<result-list page-size="100" />
		<default-asset-type>storeText</default-asset-type>

		<asset-type id="storeText" site-filtering="false">
			<enable-default-query>true</enable-default-query>
			<enable-filter-as-you-type>true</enable-filter-as-you-type>
			<repository-path>/com/agilent/content/StoreTextRepository
			</repository-path>
			<repository-item-type>storeText</repository-item-type>
		</asset-type>

		<asset-type id="storeShortText" site-filtering="false">
			<enable-default-query>true</enable-default-query>
			<enable-filter-as-you-type>true</enable-filter-as-you-type>
			<repository-path>/com/agilent/content/StoreTextRepository
			</repository-path>
			<repository-item-type>storeShortText</repository-item-type>
		</asset-type>

		<asset-type id="storeLongText" site-filtering="false">
			<enable-default-query>true</enable-default-query>
			<enable-filter-as-you-type>true</enable-filter-as-you-type>
			<repository-path>/com/agilent/content/StoreTextRepository
			</repository-path>
			<repository-item-type>storeLongText</repository-item-type>
		</asset-type>

		<asset-type id="storeTextList" site-filtering="false">
			<enable-default-query>true</enable-default-query>
			<enable-filter-as-you-type>true</enable-filter-as-you-type>
			<repository-path>/com/agilent/content/StoreTextRepository
			</repository-path>
			<repository-item-type>storeTextList</repository-item-type>
		</asset-type>
	</asset-family>

	<asset-family id="catalogs" site-filtering="true"
		xml-combine="append">
		<asset-type id="productTranslation" site-filtering="true" >
			<enable-default-query>true</enable-default-query>
			<enable-filter-as-you-type>true</enable-filter-as-you-type>
			<repository-path>/atg/commerce/catalog/ProductCatalog
			</repository-path>
			<repository-item-type>productTranslation</repository-item-type>
			</asset-type>
		<asset-type id="categoryTranslation" site-filtering="true" >
			<enable-default-query>true</enable-default-query>
			<enable-filter-as-you-type>true</enable-filter-as-you-type>
			<repository-path>/atg/commerce/catalog/ProductCatalog
			</repository-path>
			<repository-item-type>categoryTranslation</repository-item-type>
		</asset-type>
		<asset-type id="skuTranslation" site-filtering="true">
			<enable-default-query>true</enable-default-query>
			<enable-filter-as-you-type>true</enable-filter-as-you-type>
			<repository-path>/atg/commerce/catalog/ProductCatalog
			</repository-path>
			<repository-item-type>skuTranslation</repository-item-type>
		</asset-type>
		<asset-type id="hybridization" site-filtering="true">
			<enable-default-query>true</enable-default-query>
			<enable-filter-as-you-type>true</enable-filter-as-you-type>
			<repository-path>/atg/commerce/catalog/ProductCatalog
			</repository-path>
			<repository-item-type>sureFishHybridization</repository-item-type>
		</asset-type>
		<asset-type id="probes" site-filtering="true">
			<enable-default-query>true</enable-default-query>
			<enable-filter-as-you-type>true</enable-filter-as-you-type>
			<repository-path>/atg/commerce/catalog/ProductCatalog
			</repository-path>
			<repository-item-type>childProbes</repository-item-type>
		</asset-type>
		<asset-type id="genes" site-filtering="true">
			<enable-default-query>true</enable-default-query>
			<enable-filter-as-you-type>true</enable-filter-as-you-type>
			<repository-path>/atg/commerce/catalog/ProductCatalog
			</repository-path>
			<repository-item-type>genes</repository-item-type>
		</asset-type>
		<asset-type id="cytoBands" site-filtering="true">
			<enable-default-query>true</enable-default-query>
			<enable-filter-as-you-type>true</enable-filter-as-you-type>
			<repository-path>/atg/commerce/catalog/ProductCatalog
			</repository-path>
			<repository-item-type>cytoBands</repository-item-type>
		</asset-type>
		<asset-type id="itemsColor" site-filtering="true">
			<enable-default-query>true</enable-default-query>
			<enable-filter-as-you-type>true</enable-filter-as-you-type>
			<repository-path>/atg/commerce/catalog/ProductCatalog
			</repository-path>
			<repository-item-type>itemsColor</repository-item-type>
		</asset-type>
		<asset-type id="probeMap" site-filtering="true">
			<enable-default-query>true</enable-default-query>
			<enable-filter-as-you-type>true</enable-filter-as-you-type>
			<repository-path>/atg/commerce/catalog/ProductCatalog
			</repository-path>
			<repository-item-type>probeMap</repository-item-type>
		</asset-type>
	</asset-family>

	<asset-family id="supportingRepository" site-filtering="false">
		<display-name>Supporting Repository</display-name>
		<enable-default-query>true</enable-default-query>
		<enable-filter-as-you-type>true</enable-filter-as-you-type>
		<result-list page-size="100" />
		<default-asset-type>regions</default-asset-type>

		<asset-type id="regions" site-filtering="false">
			<enable-default-query>true</enable-default-query>
			<enable-filter-as-you-type>true</enable-filter-as-you-type>
			<repository-path>/com/agilent/content/SupportingRepository
			</repository-path>
			<repository-item-type>regions</repository-item-type>
		</asset-type>
		<asset-type id="countries" site-filtering="false">
			<enable-default-query>true</enable-default-query>
			<enable-filter-as-you-type>true</enable-filter-as-you-type>
			<repository-path>/com/agilent/content/SupportingRepository
			</repository-path>
			<repository-item-type>countries</repository-item-type>
		</asset-type>
		<asset-type id="salesReps" site-filtering="false">
			<enable-default-query>true</enable-default-query>
			<enable-filter-as-you-type>true</enable-filter-as-you-type>
			<repository-path>/com/agilent/content/SupportingRepository
			</repository-path>
			<repository-item-type>salesReps</repository-item-type>
		</asset-type>
		<asset-type id="salesRepsTranslation" site-filtering="false">
			<enable-default-query>true</enable-default-query>
			<enable-filter-as-you-type>true</enable-filter-as-you-type>
			<repository-path>/com/agilent/content/SupportingRepository
			</repository-path>
			<repository-item-type>salesRepsTranslation</repository-item-type>
		</asset-type>
		<asset-type id="countryContacts" site-filtering="false">
			<enable-default-query>true</enable-default-query>
			<enable-filter-as-you-type>true</enable-filter-as-you-type>
			<repository-path>/com/agilent/content/SupportingRepository
			</repository-path>
			<repository-item-type>countryContacts</repository-item-type>
		</asset-type>
		<asset-type id="SiteShipPayOption" site-filtering="false">
			<enable-default-query>true</enable-default-query>
			<enable-filter-as-you-type>true</enable-filter-as-you-type>
			<repository-path>/com/agilent/content/SupportingRepository
			</repository-path>
			<repository-item-type>SiteShipPayOption</repository-item-type>
		</asset-type>
		<asset-type id="MXDownloadHits" site-filtering="false">
			<enable-default-query>true</enable-default-query>
			<enable-filter-as-you-type>true</enable-filter-as-you-type>
			<repository-path>/com/agilent/content/SupportingRepository
			</repository-path>
			<repository-item-type>MXDownloadHits</repository-item-type>
		</asset-type>
		<asset-type id="officeDetails" site-filtering="false">
			<enable-default-query>true</enable-default-query>
			<enable-filter-as-you-type>true</enable-filter-as-you-type>
			<repository-path>/com/agilent/content/SupportingRepository
			</repository-path>
			<repository-item-type>officeDetails</repository-item-type>
		</asset-type>
		<asset-type id="contactsEmailRecipients" site-filtering="false">
			<enable-default-query>true</enable-default-query>
			<enable-filter-as-you-type>true</enable-filter-as-you-type>
			<repository-path>/com/agilent/content/SupportingRepository
			</repository-path>
			<repository-item-type>contactsEmailRecipients</repository-item-type>
		</asset-type>
		<asset-type id="salesregions" site-filtering="false">
			<enable-default-query>true</enable-default-query>
			<enable-filter-as-you-type>true</enable-filter-as-you-type>
			<repository-path>/com/agilent/content/SupportingRepository
			</repository-path>
			<repository-item-type>salesregions</repository-item-type>
		</asset-type>
	</asset-family>
	
	<asset-family id="userProfile" site-filtering="false">
            <display-name>userProfile</display-name>
            <enable-default-query>true</enable-default-query>
            <enable-filter-as-you-type>true</enable-filter-as-you-type>
            <result-list page-size="100" />
            <default-asset-type>user</default-asset-type>

            <asset-type id="user" site-filtering="false">
                  <enable-default-query>true</enable-default-query>
                  <enable-filter-as-you-type>true</enable-filter-as-you-type>
                  <repository-path>/atg/userprofiling/ProfileAdapterRepository
                  </repository-path>
                  <repository-item-type>user</repository-item-type>
            </asset-type>
      </asset-family>
      
      	<asset-family id="siteRepository" site-filtering="false">
            <display-name>siteRepository</display-name>
            <enable-default-query>true</enable-default-query>
            <enable-filter-as-you-type>true</enable-filter-as-you-type>
            <result-list page-size="100" />
            <default-asset-type>ProductEntitlement</default-asset-type>
			<asset-type id="ProductEntitlement" site-filtering="false">
				<enable-default-query>true</enable-default-query>
				<enable-filter-as-you-type>true</enable-filter-as-you-type>
				<repository-path>/atg/multisite/SiteRepository
				</repository-path>
				<repository-item-type>ProductEntitlement</repository-item-type>
			</asset-type>
		</asset-family>
	
	
</find-configuration>