<?xml version="1.0" encoding="ISO-8859-1" ?>

<!DOCTYPE task-configuration
        PUBLIC "-//Art Technology Group, Inc.//DTD Asset Manager Task Configuration//EN"
        "http://www.atg.com/dtds/task-configuration/task-configuration_2.0.dtd">

<task-configuration xml-combine="append">

  <!--
    default-activity configures the default Merchandising UI
  -->
  <default-activity>
    <panes>
      <!-- Asset manager left pane configuration -->
      <pane id="leftPane">

        <!-- Left pane views get defined as sub-panes -->
        <panes>
          <!-- Define the toolbar configuration used in the left pane -->
          <toolbar>
              <!-- <remove-action type="create" value="/atg/commerce/catalog/MerchandisingProductCatalog:Order Discount"/> -->
              <remove-action type="create" value="/atg/commerce/catalog/MerchandisingProductCatalog:Shipping Discount"/>
          </toolbar>
          
        </panes>
      </pane>
      
    </panes>
  </default-activity>

</task-configuration>