<?xml version="1.0" encoding="UTF-8" standalone="no"?>
<!DOCTYPE generic-activities
        PUBLIC "-//Art Technology Group, Inc.//DTD General SQL Adapter//EN"
        "http://www.atg.com/dtds/activitymanager/activitymanager_1.0.dtd">

 <generic-activities> 
   <activity>
    <id>ordermanagementtools.orders</id>
    <resource-bundle>com.agilent.web.ordermanagement.WebAppResources</resource-bundle>
    <display-name-resource>ordermanagmenttool.orderstool.displayName</display-name-resource>
    <description-resource>ordermanagmenttool.orderstool.description</description-resource>
      <destination-page>
      <url>/MerchConfig/orderManagementTool.jsp?clear=true</url>
      <clear-context>true</clear-context>
      <acl>Profile$role$CSR:read;Profile$role$epubAdmin:read;Profile$role$epubSuperAdmin:read;Profile$role$epubManager:read;</acl>
    </destination-page>
  </activity>
<!--   <activity>
    <id>ordermanagementtools.orders</id>
    <resource-bundle>com.agilent.web.ordermanagement.WebAppResources</resource-bundle>
    <display-name-resource>ordermanagmenttool.orderstool.displayName</display-name-resource>
    <description-resource>ordermanagmenttool.orderstool.description</description-resource>
      <destination-page>
      <url>/MerchConfig/orderManagementTool.jsp</url>
      <clear-context>true</clear-context>
      <acl>Profile$role$CSR:read;Profile$role$epubAdmin:read;Profile$role$epubSuperAdmin:read;Profile$role$epubManager:read;</acl>
    </destination-page>
  </activity> -->
</generic-activities>
