<?xml version="1.0" encoding="UTF-8" ?>
<actor-template xsi:noNamespaceSchemaLocation="http://www.atg.com/xsds/actorChain_1.0.xsd" xmlns:xsi="http://www.w3.org/2001/XMLSchema-instance">
     <actor-chain id="full" transaction="TX_SUPPORTS">
        <component id="fullLoad" name="/com/agilent/restDataLoader/AgilentFullLoadService" method="processFullLoad"
            method-return-var="responseBean"> 
            <input name="request" class-name="java.lang.String"  value="${param.request}" />
            <output name="responseBean" id="responseBean" value="${responseBean}" />
        </component>
    </actor-chain> 
    
    <actor-chain id="incremental" transaction="TX_SUPPORTS">
        <component id="incrementalLoad" name="/com/agilent/restDataLoader/AgilentIncrementalLoadService" method="processIncrementalLoad"
            method-return-var="responseBean">
            <input name="request" class-name="java.lang.String"  value="${param.request}" />   
            <output name="responseBean" id="responseBean" value="${responseBean}" />
        </component>
    </actor-chain> 
</actor-template>