<?xml version="1.0" encoding="utf-8"?>
<!DOCTYPE urlrewrite PUBLIC "-//tuckey.org//DTD UrlRewrite 4.0//EN"
        "http://www.tuckey.org/res/dtds/urlrewrite4.0.dtd">

<!-- Configuration file for UrlRewriteFilter http://www.tuckey.org/urlrewrite/ -->
<urlrewrite use-query-string="true">
  

       <rule>
              <from>\.gif|\.jpg|\.png|\.css|\.js$</from>
              <to last="true">$0</to>
       </rule>
       <rule>
              <from>\.ico|\.gif|\.jpg|\.jpeg|\.png|\.css|\.js$</from>
              <to last="true">$0</to>
       </rule>
		<rule>
			<from>\.csv|\.txt|\.pdf|\.doc</from>
			<set type="response-header" name="Content-Type">application/octet-stream;charset=UTF-8</set>
		</rule>
		
          <rule>
		<condition name="host" operator="equal">(genomics.agilent.com|staging.genomics.agilent.com|chem.agilent.com|stgwww.cos.agilent.com)</condition>
		<from>^/(.*)$</from>
		<to type="redirect">/404.jsp</to>
	    </rule>
	     
             
</urlrewrite>


