<?xml version="1.0" encoding="UTF-8"?>

<gsa-template xml-combine="append">

	<header>
		<name>Commerce Price Lists</name>
		<author>amogh.k</author>
		<version>$Revision: #1 $</version>
	</header>
	<item-descriptor name="price" xml-combine="append">

		<table name="dcs_price" id-column-name="price_id" type="primary"
			shared-table-sequence="1">
		<property expert="false" readable="true" category-resource="priceListInfo" item-type="priceList" column-name="price_list" display-name-resource="priceList" hidden="false" writable="true" name="priceList" required="true" cache-mode="inherit" queryable="true" xml-combine="replace">
		
		<attribute name="propertySortPriority" value="1"/>
      </property>
		</table>

	</item-descriptor>
</gsa-template>