<?xml version="1.0" encoding="UTF-8"?>
<!DOCTYPE gsa-template SYSTEM "dynamosystemresource:/atg/dtds/gsa/gsa_1.0.dtd">
<!--This file was generated by the ATG Repository Editor plugin -->
<gsa-template>

	<item-descriptor expert="false" id-separator=":"
		writable="true" cache-mode="simple" content="false" folder="false"
		default="false" hidden="false" name="priceFeed" use-id-for-path="false">

		<table name="SAPDATA" type="primary" id-column-names="id"
			shared-table-sequence="1">

			<property expert="false" readable="true" column-name="id"
				data-type="int" hidden="false" name="id" required="true" />

			<property expert="false" readable="true" column-name="MATERIALNUMBER"
				data-type="string" hidden="false" writable="true" name="materialNumber"
				required="false" cache-mode="inherit" queryable="true" />

			<property expert="false" readable="true" column-name="COUNTRY"
				data-type="string" hidden="false" writable="true" name="country"
				required="false" cache-mode="inherit" queryable="true" />

			<property expert="false" readable="true" column-name="CURRENCY"
				data-type="string" hidden="false" writable="true" name="currency"
				required="false" cache-mode="inherit" queryable="true" />

			<property expert="false" readable="true" column-name="INCOTERM"
				data-type="string" hidden="false" writable="true" name="incoTerm"
				required="false" cache-mode="inherit" queryable="true" />

			<property expert="false" readable="true" column-name="LISTPRICE"
				data-type="double" hidden="false" writable="true" name="listPrice"
				required="false" cache-mode="inherit" queryable="true" />

			<property expert="false" readable="true" column-name="EFFECTIVEPRICE"
				data-type="double" hidden="false" writable="true" name="effectivePrice"
				required="false" cache-mode="inherit" queryable="true" />

			<property expert="false" readable="true" column-name="QUANTITY"
				data-type="int" hidden="false" writable="true" name="quantity"
				required="false" cache-mode="inherit" queryable="true" />

			<property expert="false" readable="true" column-name="EFFECTIVEDATE"
				data-type="timestamp" hidden="false" writable="true" name="effectiveDate"
				required="false" cache-mode="inherit" queryable="true" />

			<property expert="false" readable="true" column-name="FILENAME"
				data-type="string" hidden="false" writable="true" name="fileName"
				required="false" cache-mode="inherit" queryable="true" />

			<property expert="false" readable="true" column-name="SALESORG"
				data-type="string" hidden="false" writable="true" name="salesOrg"
				required="false" cache-mode="inherit" queryable="true" />

			<property expert="false" readable="true" column-name="ISNEW"
				data-type="string" hidden="false" writable="true" name="isNew"
				required="false" cache-mode="inherit" queryable="true" />

			<property expert="false" readable="true" column-name="ISMODIFIED"
				data-type="string" hidden="false" writable="true" name="isModified"
				required="false" cache-mode="inherit" queryable="true" />

			<property expert="false" readable="true" column-name="TOBEDELETED"
				data-type="string" hidden="false" writable="true" name="isDeleted"
				required="false" cache-mode="inherit" queryable="true" />

		</table>
	</item-descriptor>

	<item-descriptor expert="false" id-separator=":"
		writable="true" cache-mode="simple" content="false" folder="false"
		default="false" hidden="false" name="priceSalesOrgMap"
		use-id-for-path="false">
		<table name="dcs_price_salesorg_map_feed" id-column-name="id"
			type="primary">

			<property expert="false" readable="true" column-name="id"
				data-type="string" hidden="false" writable="true" name="id"
				required="false" cache-mode="inherit" queryable="true" />

			<property expert="false" readable="true" column-name="sales_org"
				data-type="string" hidden="false" writable="true" name="salesOrg"
				required="false" cache-mode="inherit" queryable="true" />

			<property expert="false" readable="true" column-name="price_list"
				data-type="string" hidden="false" writable="true" name="priceList"
				required="false" cache-mode="inherit" queryable="true" />
		</table>
	</item-descriptor>

	<item-descriptor expert="false" id-separator=":"
		writable="true" cache-mode="simple" content="false" folder="false"
		default="false" hidden="false" name="salesOrg" use-id-for-path="false">
		<table name="salesorg" id-column-name="SalesOrg" type="primary">

			<property expert="false" readable="true" column-name="IncoTerm"
				data-type="string" hidden="false" writable="true" name="incoterm"
				required="false" cache-mode="inherit" queryable="true" />

			<property expert="false" readable="true" column-name="Currency"
				data-type="string" hidden="false" writable="true" name="currency"
				required="false" cache-mode="inherit" queryable="true" />

			<property expert="false" readable="true" column-name="Country"
				data-type="string" hidden="false" writable="true" name="country"
				required="false" cache-mode="inherit" queryable="true" />

			<property expert="false" readable="true" column-name="CatalogCurrency"
				data-type="string" hidden="false" writable="true" name="catalogCurrency"
				required="false" cache-mode="inherit" queryable="true" />

			<property expert="false" readable="true" column-name="IsValid"
				data-type="int" hidden="false" writable="true" name="isValid"
				required="false" cache-mode="inherit" queryable="true" />

			<property expert="false" readable="true" column-name="IsProcessed"
				data-type="int" hidden="false" writable="true" name="isProcessed"
				required="false" cache-mode="inherit" queryable="true" />

		</table>
	</item-descriptor>

</gsa-template>