{
   "getSavedCartDetailsResponse":{
      "savedCartList":{
         "savedCartIdList":{
            "o301490079":"fav cart",
            "w350150004":"Crispr Cart"
         }
      },
      "savedCartItems":{
         "w350150004":{
            "G9454K":{
               "quantity":"1",
               "description":"Single Unit CgR - 100 ug",
               "designId":"",
               "partNumber":"G9454K",
               "listPrice":"600.0",
               "guideName":"",
               "yourPrice":""
            },
            "G4423B#014693":{
               "quantity":"1",
               "description":"SurePrint G3 Unrestricted CGH Array",
               "designId":"014693",
               "partNumber":"G4423B",
               "listPrice":"470.0",
               "yourPrice":""
            },
            "123-BD01":{
               "quantity":"1",
               "description":"J&W Biodiesel EN14105 Free/Total Glycerin GC Column, 10 m, 0.32 mm, 0.10 µm, 7 inch cage",
               "designId":"",
               "partNumber":"123-BD01",
               "listPrice":"354.0",
               "guideName":"",
               "yourPrice":""
            },
            "G4427A#sdfghb":{
               "quantity":"3",
               "description":"Custom HD-CGH Microarray, 8x15K",
               "designId":"sdfghb",
               "partNumber":"G4427A",
               "guideName":"1234567891234567891234567899874",
               "listPrice":"816.0",
               "yourPrice":""
            }
         }
      }
   }
}