{"G4813A":{"partUnit":"","listPrice":"1,261.00 USD","yourPrice":"1,134.00 USD","errorMessage":"","stockAvailability":"outOfStock|Out of Stock","productEntitlement":false,"productEnabled":true,"enableQuoteOption":false,"stockAvailabilityDate":""},"699770-408K":{"partUnit":"3/pk","listPrice":"1,491.00 USD","yourPrice":"1,267.35 USD","errorMessage":"","productEntitlement":false,"productEnabled":true,"enableQuoteOption":false,"stockAvailabilityDate":"Est. ship date 10 June"},"5067-0227":{"partUnit":"100","listPrice":"52.75 USD","yourPrice":"44.84 USD","errorMessage":"","stockAvailability":"In Stock","productEntitlement":false,"productEnabled":true,"enableQuoteOption":false,"stockAvailabilityDate":""},"5190-2491":{"partUnit":"","listPrice":"2,249.00 USD","yourPrice":"1,911.65 USD","errorMessage":"","stockAvailability":"In Stock","productEntitlement":false,"productEnabled":false,"enableQuoteOption":false,"stockAvailabilityDate":""},"G4125A":{"partUnit":"","listPrice":"1,310.00 USD","yourPrice":"1,179.00 USD","errorMessage":"","stockAvailability":"madeToOrder|Made to Order","productEntitlement":false,"productEnabled":true,"enableQuoteOption":false,"stockAvailabilityDate":""},"200123":{"partUnit":"5/ea","listPrice":"253.00 USD","yourPrice":"227.70 USD","errorMessage":"","stockAvailability":"In Stock","productEntitlement":false,"productEnabled":true,"enableQuoteOption":false,"stockAvailabilityDate":""},"123-BD01":{"partUnit":"","listPrice":"413.00","yourPrice":"351.05 USD","errorMessage":"","stockAvailability":"","productEntitlement":true,"productEnabled":false,"enableQuoteOption":false,"stockAvailabilityDate":"Est. ship date 9 June"}}