{"getCartDetailsResponse":{"totalcount":6,"orderId":"w324920137","ppsDakoProduct":"false","itemOrder":["G4813A","G4125A","5190-2491","5067-0227","699770-408K","200123"],"orderPriceInfo":{"total":"$5,765.44","shippingCharges":"$0.00","rawSubTotal":"$5,765.44","tax":"$0.00","currencyCode":"USD"},"cartcount":6,"flags":{"vaccumOrder":"false","genomicsOrder":"false","mixedOrder":"true"},"CartResponseTime":71,"lineItems":{"G4125A":{"customArraySkuType":"Restricted","kitSize":"1 Slide","canURL":"/store/en_US/Prod-G4125A/G4125A","cItemDesignList":{},"description":"SurePrint G3 Custom CGH Microarray, 4x180K","title":"G4125A","commerceItem":"ci2525000119","isChinaCHC":false,"stockMessage":"Made to Order","productLine":"GE","salesOrg":"0420","total":"$1,179.00","ProductExpirationMsg":false,"Qty":1,"isDangerousGood":false,"stockStatus":"madeToOrder","partNumber":"G4125A","sku":"ag-sku-G4125A","listPrice":""},"699770-408K":{"kitSize":"3/pk","canURL":"/store/en_US/Prod-699770-408K/699770-408K","description":"Agilent InfinityLab Poroshell 120 PFP, 2.1 x 50 mm, 4 µm, MVK 3/pk","stockMessageList":[{"stockStatus":"1 -","stockMessage":"Estimated ship date 10 June"}],"title":"699770-408K","commerceItem":"ci2525000117","isChinaCHC":false,"productLine":"BC","salesOrg":"04CN","total":"$1,267.35","ProductExpiration":null,"ProductExpirationMsg":false,"productImage":null,"Qty":2,"isDangerousGood":false,"partNumber":"699770-408K","sku":"ag-sku-699770-408K","listPrice":""},"5067-0227":{"kitSize":"100","canURL":"/store/en_US/Prod-5067-0227/5067-0227","description":"Vial, crimp top, headspace, amber, certified, flat bottom, 10 mL, 23 x 46 mm, 100/pk","title":"5067-0227","commerceItem":"ci2525000116","isChinaCHC":false,"stockAvailable":"inStock","stockMessage":"Item available to ship","productLine":"58","salesOrg":"04C9","total":"$44.84","ProductExpiration":null,"ProductExpirationMsg":false,"productImage":{"0":{"ExternalAssetURL":"/store/images/products/5067-0227.jpg","RelatedZoomImageID":"ELIBRARY0","Name":"ELIBRARY_661684"}},"Qty":3,"isDangerousGood":false,"stockStatus":"In Stock","partNumber":"5067-0227","sku":"ag-sku-5067-0227","listPrice":""},"G4813A":{"customArraySkuType":"UnRestricted","kitSize":"","canURL":"/store/en_US/Prod-G4813A/G4813A","cItemDesignList":{},"description":"Model Org/Non-Human Gene Expression Microarrays, 8x15K","title":"G4813A","commerceItem":"ci2525000118","isChinaCHC":false,"stockMessage":"Made to Order","productLine":"GE","salesOrg":"0420","total":"$1,134.90","ProductExpirationMsg":false,"Qty":4,"isDangerousGood":false,"stockStatus":"madeToOrder","partNumber":"G4813A","designIdList":[{"description":"Unrestricted Amadid GE Microarray (8x15K)","atgDynamicPropertyMapBigString":{},"designId":"016322","atgDynamicPropertyMapString":{},"atgDynamicPropertyMapLong":{},"atgDynamicPropertyMapDouble":{}},{"description":"Unrestricted Amadid GE Microarray (8x15K)","atgDynamicPropertyMapBigString":{},"designId":"019921","atgDynamicPropertyMapString":{},"atgDynamicPropertyMapLong":{},"atgDynamicPropertyMapDouble":{}},{"description":"Unrestricted Amadid GE Microarray (8x15K)","atgDynamicPropertyMapBigString":{},"designId":"020097","atgDynamicPropertyMapString":{},"atgDynamicPropertyMapLong":{},"atgDynamicPropertyMapDouble":{}},{"description":"SurePrint G3 Unrestricted GE 2x400K","atgDynamicPropertyMapBigString":{},"designId":"028680","atgDynamicPropertyMapString":{},"atgDynamicPropertyMapLong":{},"atgDynamicPropertyMapDouble":{}}],"sku":"ag-sku-G4813A","listPrice":""},"200123":{"kitSize":"5 x 0.1 mL","canURL":"/store/en_US/Prod-200123/200123","description":"TG1 Electroporation-Competent Cells","title":"200123","commerceItem":"ci2525000113","isChinaCHC":false,"stockAvailable":"inStock","stockMessage":"Item available to ship","productLine":"SR","salesOrg":"04C9","total":"$227.70","ProductExpiration":"30 March 2024","ProductExpirationMsg":false,"productImage":null,"Qty":5,"isDangerousGood":false,"stockStatus":"In Stock","partNumber":"200123","sku":"ag-sku-200123","listPrice":""},"5190-2491":{"kitSize":"","canURL":"/store/en_US/Prod-5190-2491/5190-2491","description":"Agilent Bio WAX, NP5, 2.1 x 250 mm, PEEK","title":"5190-2491","commerceItem":"ci2525000115","isChinaCHC":false,"stockAvailable":"inStock","stockMessage":"Item available to ship","productLine":"BC","salesOrg":"04CN","total":"$1,911.65","ProductExpiration":null,"ProductExpirationMsg":false,"productImage":null,"Qty":6,"isDangerousGood":false,"stockStatus":"In Stock","partNumber":"5190-2491","sku":"ag-sku-5190-2491","listPrice":""}},"memberType":"","status":"true"}}