{
"fetchPMQuote": {
"PMQuoteDetails": [
{
"country": "USA",
"serialNum": "CN10526019",
"city": "SHREVEPORT",
"modelNo": "G1530N",
"street": "502 N Allen Ave",
"region": "Louisiana",
"medicalDevice": true
},
{
"country": "USA",
"serialNum": "CN63435075",
"city": "SHREVEPORT",
"modelNo": "G2913A",
"street": "502 N Allen Ave",
"region": "Louisiana",
"medicalDevice": false
},
{
"country": "USA",
"serialNum": "CN00758972",
"city": "SHREVEPORT",
"modelNo": "G2913A",
"street": "502 N Allen Ave",
"region": "Louisiana",
"medicalDevice": false
},
{
"country": "USA",
"serialNum": "CN52934848",
"city": "SHREVEPORT",
"modelNo": "G2614A",
"street": "502 N Allen Ave",
"region": "Louisiana",
"medicalDevice": true
},
{
"country": "USA",
"serialNum": "US91705096",
"city": "SHREVEPORT",
"modelNo": "G2614A",
"street": "502 N Allen Ave",
"region": "Louisiana",
"medicalDevice": true
},
{
"country": "USA",
"serialNum": "US00028369",
"city": "SHREVEPORT",
"modelNo": "G1530A",
"street": "502 N Allen Ave",
"region": "Louisiana",
"medicalDevice": true
},
{
"country": "USA",
"serialNum": "US92007324",
"city": "SHREVEPORT",
"modelNo": "G2613A",
"street": "502 N Allen Ave",
"region": "Louisiana",
"medicalDevice": false
},
{
"country": "USA",
"serialNum": "US84603367",
"city": "SHREVEPORT",
"modelNo": "G2613A",
"street": "502 N Allen Ave",
"region": "Louisiana",
"medicalDevice": true
},
{
"country": "USA",
"serialNum": "US82501119",
"city": "SHREVEPORT",
"modelNo": "G2614A",
"street": "502 N Allen Ave",
"region": "Louisiana",
"medicalDevice": false
},
{
"country": "USA",
"serialNum": "CN63635365",
"city": "SHREVEPORT",
"modelNo": "G2913A",
"street": "502 N Allen Ave",
"region": "Louisiana",
"medicalDevice": true
},
{
"country": "USA",
"serialNum": "CN63635373",
"city": "SHREVEPORT",
"modelNo": "G2913A",
"street": "502 N Allen Ave",
"region": "Louisiana",
"medicalDevice": true
},
{
"country": "USA",
"serialNum": "CN10638095",
"city": "SHREVEPORT",
"modelNo": "G1530N",
"street": "502 N Allen Ave",
"region": "Louisiana",
"medicalDevice": true
},
{
"country": "USA",
"serialNum": "US10226134",
"city": "SHREVEPORT",
"modelNo": "G1530N",
"street": "502 N Allen Ave",
"region": "Louisiana",
"medicalDevice": false
},
{
"country": "USA",
"serialNum": "CN23026443",
"city": "SHREVEPORT",
"modelNo": "G2613A",
"street": "502 N Allen Ave",
"region": "Louisiana",
"medicalDevice": true
},
{
"country": "USA",
"serialNum": "US00063250",
"city": "SHREVEPORT",
"modelNo": "5890A",
"street": "502 N Allen Ave",
"region": "Louisiana",
"medicalDevice": true
},
{
"country": "USA",
"serialNum": "US10705036",
"city": "SHREVEPORT",
"modelNo": "G1540N",
"street": "502 N Allen Ave",
"region": "Louisiana",
"medicalDevice": true
},
{
"country": "USA",
"serialNum": "IT00645009",
"city": "SHREVEPORT",
"modelNo": "G1888A",
"street": "502 N Allen Ave",
"region": "Louisiana",
"medicalDevice": true
},
{
"country": "USA",
"serialNum": "CN10532014",
"city": "SHREVEPORT",
"modelNo": "G1530N",
"street": "502 N Allen Ave",
"region": "Louisiana",
"medicalDevice": true
},
{
"country": "USA",
"serialNum": "US52420799",
"city": "SHREVEPORT",
"modelNo": "G3171A",
"street": "502 N Allen Ave",
"region": "Louisiana",
"medicalDevice": true
},
{
"country": "USA",
"serialNum": "G31B1982",
"city": "SHREVEPORT",
"modelNo": "G3397A",
"street": "502 N Allen Ave",
"region": "Louisiana",
"medicalDevice": true
},
{
"country": "USA",
"serialNum": "US94309765",
"city": "SHREVEPORT",
"modelNo": "G2613A",
"street": "502 N Allen Ave",
"region": "Louisiana",
"medicalDevice": true
},
{
"country": "USA",
"serialNum": "US94212135",
"city": "SHREVEPORT",
"modelNo": "G1098A",
"street": "502 N Allen Ave",
"region": "Louisiana",
"medicalDevice": true
},
{
"country": "USA",
"serialNum": "US93505911",
"city": "SHREVEPORT",
"modelNo": "G2614A",
"street": "502 N Allen Ave",
"region": "Louisiana",
"medicalDevice": true
},
{
"country": "USA",
"serialNum": "US00032559",
"city": "SHREVEPORT",
"modelNo": "G1530A",
"street": "502 N Allen Ave",
"region": "Louisiana",
"medicalDevice": true
},
{
"country": "USA",
"serialNum": "DE62967437",
"city": "SHREVEPORT",
"modelNo": "G1311A-B",
"street": "502 N Allen Ave",
"region": "Louisiana",
"medicalDevice": true
},
{
"country": "USA",
"serialNum": "JP73065894",
"city": "SHREVEPORT",
"modelNo": "G1322A-B",
"street": "502 N Allen Ave",
"region": "Louisiana",
"medicalDevice": true
},
{
"country": "USA",
"serialNum": "USK0056213",
"city": "SHREVEPORT",
"modelNo": "G1656B",
"street": "502 N Allen Ave",
"region": "Louisiana",
"medicalDevice": true
},
{
"country": "USA",
"serialNum": "DE60558053",
"city": "SHREVEPORT",
"modelNo": "G1321A",
"street": "502 N Allen Ave",
"region": "Louisiana",
"medicalDevice": true
},
{
"country": "USA",
"serialNum": "DE71363069",
"city": "SHREVEPORT",
"modelNo": "G1314B",
"street": "502 N Allen Ave",
"region": "Louisiana",
"medicalDevice": true
},
{
"country": "USA",
"serialNum": "DE64769476",
"city": "SHREVEPORT",
"modelNo": "G1329A",
"street": "502 N Allen Ave",
"region": "Louisiana",
"medicalDevice": true
},
{
"country": "USA",
"serialNum": "DE63071471",
"city": "SHREVEPORT",
"modelNo": "G1316A-B",
"street": "502 N Allen Ave",
"region": "Louisiana",
"medicalDevice": true
},
{
"country": "USA",
"serialNum": "844398",
"city": "SHREVEPORT",
"modelNo": "CHILLER",
"street": "502 N Allen Ave",
"region": "Louisiana",
"medicalDevice": true
},
{
"country": "USA",
"serialNum": "EL03057470",
"city": "SHREVEPORT",
"modelNo": "SPS5",
"street": "502 N Allen Ave",
"region": "Louisiana",
"medicalDevice": true
},
{
"country": "USA",
"serialNum": "EL03057803",
"city": "SHREVEPORT",
"modelNo": "ICPVSTP",
"street": "502 N Allen Ave",
"region": "Louisiana",
"medicalDevice": true
},
{
"country": "USA",
"serialNum": "CN13413019",
"city": "SHREVEPORT",
"modelNo": "G3443B",
"street": "502 N Allen Ave",
"region": "Louisiana",
"medicalDevice": true
},
{
"country": "USA",
"serialNum": "US1346L224",
"city": "SHREVEPORT",
"modelNo": "G7038A",
"street": "502 N Allen Ave",
"region": "Louisiana",
"medicalDevice": true
},
{
"country": "USA",
"serialNum": "CN14430036",
"city": "SHREVEPORT",
"modelNo": "G4514A",
"street": "502 N Allen Ave",
"region": "Louisiana",
"medicalDevice": true
},
{
"country": "USA",
"serialNum": "CN14480025",
"city": "SHREVEPORT",
"modelNo": "G4513A",
"street": "502 N Allen Ave",
"region": "Louisiana",
"medicalDevice": false
},
{
"country": "USA",
"serialNum": "MY13450002",
"city": "SHREVEPORT",
"modelNo": "G8460AA",
"street": "502 N Allen Ave",
"region": "Louisiana",
"medicalDevice": false
},
{
"country": "USA",
"serialNum": "1B1391799",
"city": "SHREVEPORT",
"modelNo": "G8481A",
"street": "502 N Allen Ave",
"region": "Louisiana",
"medicalDevice": false
},
{
"country": "USA",
"serialNum": "1013101A520",
"city": "SHREVEPORT",
"modelNo": "G8476A",
"street": "502 N Allen Ave",
"region": "Louisiana",
"medicalDevice": false
},
{
"country": "USA",
"serialNum": "CN10160207",
"city": "SHREVEPORT",
"modelNo": "G4513A",
"street": "502 N Allen Ave",
"region": "Louisiana",
"medicalDevice": false
},
{
"country": "USA",
"serialNum": "CN14483089",
"city": "SHREVEPORT",
"modelNo": "G3440B",
"street": "502 N Allen Ave",
"region": "Louisiana",
"medicalDevice": false
},
{
"country": "USA",
"serialNum": "CN14430095",
"city": "SHREVEPORT",
"modelNo": "G4514A",
"street": "502 N Allen Ave",
"region": "Louisiana",
"medicalDevice": false
},
{
"country": "USA",
"serialNum": "CN14420082",
"city": "SHREVEPORT",
"modelNo": "G4513A",
"street": "502 N Allen Ave",
"region": "Louisiana",
"medicalDevice": false
},
{
"country": "USA",
"serialNum": "HD00170A82",
"city": "SHREVEPORT",
"modelNo": "G7201C",
"street": "502 N Allen Ave",
"region": "Louisiana",
"medicalDevice": false
},
{
"country": "USA",
"serialNum": "USH4334388",
"city": "SHREVEPORT",
"modelNo": "G7201C",
"street": "502 N Allen Ave",
"region": "Louisiana",
"medicalDevice": true
},
{
"country": "USA",
"serialNum": "1811-02751",
"city": "SHREVEPORT",
"modelNo": "G3292A",
"street": "502 N Allen Ave",
"region": "Louisiana",
"medicalDevice": true
},
{
"country": "USA",
"serialNum": "AU18305364",
"city": "SHREVEPORT",
"modelNo": "G8410A",
"street": "502 N Allen Ave",
"region": "Louisiana",
"medicalDevice": true
},
{
"country": "USA",
"serialNum": "USH4338466",
"city": "SHREVEPORT",
"modelNo": "G7201C",
"street": "502 N Allen Ave",
"region": "Louisiana",
"medicalDevice": false
},
{
"country": "USA",
"serialNum": "IT18355030",
"city": "SHREVEPORT",
"modelNo": "9499225M008",
"street": "502 N Allen Ave",
"region": "Louisiana",
"medicalDevice": false
},
{
"country": "USA",
"serialNum": "SG18493497",
"city": "SHREVEPORT",
"modelNo": "G8421A",
"street": "502 N Allen Ave",
"region": "Louisiana",
"medicalDevice": false
},
{
"country": "USA",
"serialNum": "US19023030",
"city": "SHREVEPORT",
"modelNo": "G3440B",
"street": "502 N Allen Ave",
"region": "Louisiana",
"medicalDevice": false
},
{
"country": "USA",
"serialNum": "CN18470139",
"city": "SHREVEPORT",
"modelNo": "G4513A",
"street": "502 N Allen Ave",
"region": "Louisiana",
"medicalDevice": false
},
{
"country": "USA",
"serialNum": "CN18470158",
"city": "SHREVEPORT",
"modelNo": "G4513A",
"street": "502 N Allen Ave",
"region": "Louisiana",
"medicalDevice": false
},
{
"country": "USA",
"serialNum": "CN18440069",
"city": "SHREVEPORT",
"modelNo": "G4514A",
"street": "502 N Allen Ave",
"region": "Louisiana",
"medicalDevice": false
},
{
"country": "USA",
"serialNum": "USH2754248",
"city": "SHREVEPORT",
"modelNo": "G2924AA",
"street": "502 N Allen Ave",
"region": "Louisiana",
"medicalDevice": false
},
{
"country": "USA",
"serialNum": "USH2758924",
"city": "SHREVEPORT",
"modelNo": "M8400AA",
"street": "502 N Allen Ave",
"region": "Louisiana",
"medicalDevice": false
},
{
"country": "USA",
"serialNum": "USH2764245",
"city": "SHREVEPORT",
"modelNo": "M8301AA",
"street": "502 N Allen Ave",
"region": "Louisiana",
"medicalDevice": false
},
{
"country": "USA",
"serialNum": "USH2764242",
"city": "SHREVEPORT",
"modelNo": "M8301AA",
"street": "502 N Allen Ave",
"region": "Louisiana",
"medicalDevice": false
},
{
"country": "USA",
"serialNum": "USH2763973",
"city": "SHREVEPORT",
"modelNo": "M8301AA",
"street": "502 N Allen Ave",
"region": "Louisiana",
"medicalDevice": false
},
{
"country": "USA",
"serialNum": "USH2736362",
"city": "SHREVEPORT",
"modelNo": "M8301AA",
"street": "502 N Allen Ave",
"region": "Louisiana",
"medicalDevice": false
},
{
"country": "USA",
"serialNum": "USH2736347",
"city": "SHREVEPORT",
"modelNo": "M8301AA",
"street": "502 N Allen Ave",
"region": "Louisiana",
"medicalDevice": false
},
{
"country": "USA",
"serialNum": "USH2736337",
"city": "SHREVEPORT",
"modelNo": "M8301AA",
"street": "502 N Allen Ave",
"region": "Louisiana",
"medicalDevice": false
},
{
"country": "USA",
"serialNum": "2UA3330FCG",
"city": "SHREVEPORT",
"modelNo": "HWPH3P73UC",
"street": "502 N Allen Ave",
"region": "Louisiana",
"medicalDevice": false
},
{
"country": "USA",
"serialNum": "CN38CBWH3S",
"city": "SHREVEPORT",
"modelNo": "HWPCM752A",
"street": "502 N Allen Ave",
"region": "Louisiana",
"medicalDevice": false
},
{
"country": "USA",
"serialNum": "CNK3360M90",
"city": "SHREVEPORT",
"modelNo": "HWPD9E49AA",
"street": "502 N Allen Ave",
"region": "Louisiana",
"medicalDevice": false
},
{
"country": "USA",
"serialNum": "USH2775374",
"city": "SHREVEPORT",
"modelNo": "G9552AA",
"street": "502 N Allen Ave",
"region": "Louisiana",
"medicalDevice": false
},
{
"country": "USA",
"serialNum": "MY13410001",
"city": "SHREVEPORT",
"modelNo": "G8471A",
"street": "502 N Allen Ave",
"region": "Louisiana",
"medicalDevice": false
},
{
"country": "USA",
"serialNum": "USH2688755",
"city": "SHREVEPORT",
"modelNo": "G9558AA",
"street": "502 N Allen Ave",
"region": "Louisiana",
"medicalDevice": false
},
{
"country": "USA",
"serialNum": "USH2773953",
"city": "SHREVEPORT",
"modelNo": "G4600AA",
"street": "502 N Allen Ave",
"region": "Louisiana",
"medicalDevice": false
},
{
"country": "USA",
"serialNum": "IT1325A112",
"city": "SHREVEPORT",
"modelNo": "X3700-60000",
"street": "502 N Allen Ave",
"region": "Louisiana",
"medicalDevice": false
},
{
"country": "USA",
"serialNum": "USH2773968",
"city": "SHREVEPORT",
"modelNo": "G4600AA",
"street": "502 N Allen Ave",
"region": "Louisiana",
"medicalDevice": false
},
{
"country": "USA",
"serialNum": "USH2787648",
"city": "SHREVEPORT",
"modelNo": "G1701FA",
"street": "502 N Allen Ave",
"region": "Louisiana",
"medicalDevice": false
},
{
"country": "USA",
"serialNum": "USH2773962",
"city": "SHREVEPORT",
"modelNo": "G4600AA",
"street": "502 N Allen Ave",
"region": "Louisiana",
"medicalDevice": false
},
{
"country": "USA",
"serialNum": "USH2773954",
"city": "SHREVEPORT",
"modelNo": "G4600AA",
"street": "502 N Allen Ave",
"region": "Louisiana",
"medicalDevice": false
},
{
"country": "USA",
"serialNum": "BJAA",
"city": "SHREVEPORT",
"modelNo": "G3397B",
"street": "502 N Allen Ave",
"region": "Louisiana",
"medicalDevice": false
},
{
"country": "USA",
"serialNum": "USH2768732",
"city": "SHREVEPORT",
"modelNo": "G1033A",
"street": "502 N Allen Ave",
"region": "Louisiana",
"medicalDevice": false
},
{
"country": "USA",
"serialNum": "USH2776957",
"city": "SHREVEPORT",
"modelNo": "G1701EA",
"street": "502 N Allen Ave",
"region": "Louisiana",
"medicalDevice": false
},
{
"country": "USA",
"serialNum": "USK0050838",
"city": "SHREVEPORT",
"modelNo": "G1656B",
"street": "502 N Allen Ave",
"region": "Louisiana",
"medicalDevice": false
},
{
"country": "USA",
"serialNum": "USA0000208",
"city": "SHREVEPORT",
"modelNo": "G2075BA",
"street": "502 N Allen Ave",
"region": "Louisiana",
"medicalDevice": false
},
{
"country": "USA",
"serialNum": "CN630RA1DP",
"city": "SHREVEPORT",
"modelNo": "HWP4097B",
"street": "502 N Allen Ave",
"region": "Louisiana",
"medicalDevice": false
},
{
"country": "USA",
"serialNum": "G31A9657",
"city": "SHREVEPORT",
"modelNo": "G3397A",
"street": "502 N Allen Ave",
"region": "Louisiana",
"medicalDevice": false
},
{
"country": "USA",
"serialNum": "K4466",
"city": "SHREVEPORT",
"modelNo": "19233A",
"street": "502 N Allen Ave",
"region": "Louisiana",
"medicalDevice": false
},
{
"country": "USA",
"serialNum": "IT0064509",
"city": "SHREVEPORT",
"modelNo": "G1888A",
"street": "502 N Allen Ave",
"region": "Louisiana",
"medicalDevice": false
},
{
"country": "USA",
"serialNum": "CN63635573",
"city": "SHREVEPORT",
"modelNo": "G2913A",
"street": "502 N Allen Ave",
"region": "Louisiana",
"medicalDevice": false
},
{
"country": "USA",
"serialNum": "CN51732990",
"city": "SHREVEPORT",
"modelNo": "G2614A",
"street": "502 N Allen Ave",
"region": "Louisiana",
"medicalDevice": false
},
{
"country": "USA",
"serialNum": "G31A0361",
"city": "SHREVEPORT",
"modelNo": "G3397A",
"street": "502 N Allen Ave",
"region": "Louisiana",
"medicalDevice": false
}
]
}
}