"LOGIN","FIRST_NAME","LAST_NAME","EMAIL","REGISTRATION_DATE","LASTACTIVITY_DATE","LASTPWDUPDATE","ACL","PROPERTY_ACL","ATG_ROLE"
"admin","admin","admin","",,15-JAN-23,10-SEP-22,"Profile$role$epubSuperAdmin:read,write,list,destroy,read_owner,write_owner,read_acl,write_acl;","Profile$role$epubSuperAdmin:read,write;","epubSuperAdmin"
"admin","admin","admin","",,15-JAN-23,10-SEP-22,"Profile$role$epubSuperAdmin:read,write,list,destroy,read_owner,write_owner,read_acl,write_acl;","Profile$role$epubSuperAdmin:read,write;","internalUserAdministrationRole"
"admin","admin","admin","",,15-JAN-23,10-SEP-22,"Profile$role$epubSuperAdmin:read,write,list,destroy,read_owner,write_owner,read_acl,write_acl;","Profile$role$epubSuperAdmin:read,write;","irole1810006"
"admin","admin","admin","",,15-JAN-23,10-SEP-22,"Profile$role$epubSuperAdmin:read,write,list,destroy,read_owner,write_owner,read_acl,write_acl;","Profile$role$epubSuperAdmin:read,write;","merchandiserRole"
"admin","admin","admin","",,15-JAN-23,10-SEP-22,"Profile$role$epubSuperAdmin:read,write,list,destroy,read_owner,write_owner,read_acl,write_acl;","Profile$role$epubSuperAdmin:read,write;","personalizationRole"
"admin","admin","admin","",,15-JAN-23,10-SEP-22,"Profile$role$epubSuperAdmin:read,write,list,destroy,read_owner,write_owner,read_acl,write_acl;","Profile$role$epubSuperAdmin:read,write;","portal-admin"
"admin","admin","admin","",,15-JAN-23,10-SEP-22,"Profile$role$epubSuperAdmin:read,write,list,destroy,read_owner,write_owner,read_acl,write_acl;","Profile$role$epubSuperAdmin:read,write;","promotionsAdministratorRole"
"admin","admin","admin","",,15-JAN-23,10-SEP-22,"Profile$role$epubSuperAdmin:read,write,list,destroy,read_owner,write_owner,read_acl,write_acl;","Profile$role$epubSuperAdmin:read,write;","siteAdminRole"
"super_admin","super_admin","admin","",,15-JAN-23,09-SEP-22,"Profile$login$super_admin:read,write,list,destroy,read_owner,write_owner,read_acl,write_acl;Profile$role$epubSuperAdmin:read,write,list,destroy,read_owner,write_owner,read_acl,write_acl;","Profile$role$CSR:write,read;Profile$role$epubSuperAdmin:write,read","epubSuperAdmin"
"super_admin","super_admin","admin","",,15-JAN-23,09-SEP-22,"Profile$login$super_admin:read,write,list,destroy,read_owner,write_owner,read_acl,write_acl;Profile$role$epubSuperAdmin:read,write,list,destroy,read_owner,write_owner,read_acl,write_acl;","Profile$role$CSR:write,read;Profile$role$epubSuperAdmin:write,read","irole1810006"
"super_admin","super_admin","admin","",,15-JAN-23,09-SEP-22,"Profile$login$super_admin:read,write,list,destroy,read_owner,write_owner,read_acl,write_acl;Profile$role$epubSuperAdmin:read,write,list,destroy,read_owner,write_owner,read_acl,write_acl;","Profile$role$CSR:write,read;Profile$role$epubSuperAdmin:write,read","portal-admin"
"sandeepk","sandeep","singh","sandeep-kumar.singh@agilent.com",,05-JAN-23,10-SEP-22,"Profile$login$sandeepk:read,write,list,destroy,read_owner,write_owner,read_acl,write_acl;Profile$role$epubSuperAdmin:read,write,list,destroy,read_owner,write_owner,read_acl,write_acl;","Profile$role$user_profiles:read;Profile$role$epubSuperAdmin:write,read;Profile$role$CSR:write,read","epubAdmin"
"sandeepk","sandeep","singh","sandeep-kumar.singh@agilent.com",,05-JAN-23,10-SEP-22,"Profile$login$sandeepk:read,write,list,destroy,read_owner,write_owner,read_acl,write_acl;Profile$role$epubSuperAdmin:read,write,list,destroy,read_owner,write_owner,read_acl,write_acl;","Profile$role$user_profiles:read;Profile$role$epubSuperAdmin:write,read;Profile$role$CSR:write,read","portal-admin"
"LISEANDE","Lisett","Andserson","lisett.anderson@agilent.com",,01-DEC-22,10-SEP-22,"Profile$login$LISEANDE:read,write,list,destroy,read_owner,write_owner,read_acl,write_acl;Profile$role$epubSuperAdmin:read,write,list,destroy,read_owner,write_owner,read_acl,write_acl;","Profile$role$epubSuperAdmin:read,write;Profile$role$user_profiles:read;Profile$role$CSR:read,write","epubAdmin"
"LISEANDE","Lisett","Andserson","lisett.anderson@agilent.com",,01-DEC-22,10-SEP-22,"Profile$login$LISEANDE:read,write,list,destroy,read_owner,write_owner,read_acl,write_acl;Profile$role$epubSuperAdmin:read,write,list,destroy,read_owner,write_owner,read_acl,write_acl;","Profile$role$epubSuperAdmin:read,write;Profile$role$user_profiles:read;Profile$role$CSR:read,write","portal-admin"
"ritgupta","Ritu","Gupta","ritu_gupta@agilent.com",,11-JAN-23,12-SEP-22,"Profile$login$ritgupta:read,write,list,destroy,read_owner,write_owner,read_acl,write_acl;Profile$role$epubSuperAdmin:read,write,list,destroy,read_owner,write_owner,read_acl,write_acl;","Profile$role$CSR:read,write;Profile$role$epubSuperAdmin:read,write;Profile$role$user_profiles:read","epubAdmin"
"ritgupta","Ritu","Gupta","ritu_gupta@agilent.com",,11-JAN-23,12-SEP-22,"Profile$login$ritgupta:read,write,list,destroy,read_owner,write_owner,read_acl,write_acl;Profile$role$epubSuperAdmin:read,write,list,destroy,read_owner,write_owner,read_acl,write_acl;","Profile$role$CSR:read,write;Profile$role$epubSuperAdmin:read,write;Profile$role$user_profiles:read","portal-admin"
"ZHENG001","Zheng","Ying","ying.zheng@agilent.com",,24-NOV-22,01-SEP-22,"Profile$login$ZHENG001:read,write,list,destroy,read_owner,write_owner,read_acl,write_acl;Profile$role$epubSuperAdmin:read,write,list,destroy,read_owner,write_owner,read_acl,write_acl;","Profile$role$user_profiles:read;Profile$role$epubSuperAdmin:read,write;Profile$role$CSR:read,write","epubAdmin"
"ZHENG001","Zheng","Ying","ying.zheng@agilent.com",,24-NOV-22,01-SEP-22,"Profile$login$ZHENG001:read,write,list,destroy,read_owner,write_owner,read_acl,write_acl;Profile$role$epubSuperAdmin:read,write,list,destroy,read_owner,write_owner,read_acl,write_acl;","Profile$role$user_profiles:read;Profile$role$epubSuperAdmin:read,write;Profile$role$CSR:read,write","portal-admin"
"clangfor","christopher","langford","christopher_langford@agilent.com",,22-NOV-22,01-SEP-22,"Profile$login$clangfor:read,write,list,destroy,read_owner,write_owner,read_acl,write_acl;Profile$role$epubSuperAdmin:read,write,list,destroy,read_owner,write_owner,read_acl,write_acl;","Profile$role$user_profiles:read;Profile$role$epubSuperAdmin:write,read;Profile$role$CSR:write,read","epubAdmin"
"clangfor","christopher","langford","christopher_langford@agilent.com",,22-NOV-22,01-SEP-22,"Profile$login$clangfor:read,write,list,destroy,read_owner,write_owner,read_acl,write_acl;Profile$role$epubSuperAdmin:read,write,list,destroy,read_owner,write_owner,read_acl,write_acl;","Profile$role$user_profiles:read;Profile$role$epubSuperAdmin:write,read;Profile$role$CSR:write,read","portal-admin"
"fhowdhur","Faaria","Chowdhury","faaria.chowdhury@agilent.com",,13-JAN-23,09-SEP-22,"Profile$login$fhowdhur:read,write,list,destroy,read_owner,write_owner,read_acl,write_acl;Profile$role$epubSuperAdmin:read,write,list,destroy,read_owner,write_owner,read_acl,write_acl;","Profile$role$CSR:write,read;Profile$role$epubSuperAdmin:write,read;Profile$role$user_profiles:read","epubAdmin"
"fhowdhur","Faaria","Chowdhury","faaria.chowdhury@agilent.com",,13-JAN-23,09-SEP-22,"Profile$login$fhowdhur:read,write,list,destroy,read_owner,write_owner,read_acl,write_acl;Profile$role$epubSuperAdmin:read,write,list,destroy,read_owner,write_owner,read_acl,write_acl;","Profile$role$CSR:write,read;Profile$role$epubSuperAdmin:write,read;Profile$role$user_profiles:read","portal-admin"
"amitranj","Amitabh","Ranjan","amitabh.ranjan@agilent.com",,20-DEC-22,10-SEP-22,"Profile$login$amitranj:read,write,list,destroy,read_owner,write_owner,read_acl,write_acl;Profile$role$epubSuperAdmin:read,write,list,destroy,read_owner,write_owner,read_acl,write_acl;","Profile$role$user_profiles:read;Profile$role$epubSuperAdmin:write,read;Profile$role$CSR:write,read","epubAdmin"
"amitranj","Amitabh","Ranjan","amitabh.ranjan@agilent.com",,20-DEC-22,10-SEP-22,"Profile$login$amitranj:read,write,list,destroy,read_owner,write_owner,read_acl,write_acl;Profile$role$epubSuperAdmin:read,write,list,destroy,read_owner,write_owner,read_acl,write_acl;","Profile$role$user_profiles:read;Profile$role$epubSuperAdmin:write,read;Profile$role$CSR:write,read","portal-admin"
"mconrott","Miriam","Conrotto","miriam_conrotto@agilent.com",,12-DEC-22,05-SEP-22,"Profile$login$mconrott:read,write,list,destroy,read_owner,write_owner,read_acl,write_acl;Profile$role$epubSuperAdmin:read,write,list,destroy,read_owner,write_owner,read_acl,write_acl;","Profile$role$user_profiles:read;Profile$role$CSR:write,read;Profile$role$epubSuperAdmin:write,read","epubAdmin"
"mconrott","Miriam","Conrotto","miriam_conrotto@agilent.com",,12-DEC-22,05-SEP-22,"Profile$login$mconrott:read,write,list,destroy,read_owner,write_owner,read_acl,write_acl;Profile$role$epubSuperAdmin:read,write,list,destroy,read_owner,write_owner,read_acl,write_acl;","Profile$role$user_profiles:read;Profile$role$CSR:write,read;Profile$role$epubSuperAdmin:write,read","portal-admin"
"engleteh","ENG LEE","TEH","eng-lee_teh@agilent.com",,22-NOV-22,01-SEP-22,"Profile$login$engleteh:read,write,list,destroy,read_owner,write_owner,read_acl,write_acl;Profile$role$epubSuperAdmin:read,write,list,destroy,read_owner,write_owner,read_acl,write_acl;","Profile$role$epubSuperAdmin:write,read;Profile$role$user_profiles:read;Profile$role$CSR:write,read","epubAdmin"
"engleteh","ENG LEE","TEH","eng-lee_teh@agilent.com",,22-NOV-22,01-SEP-22,"Profile$login$engleteh:read,write,list,destroy,read_owner,write_owner,read_acl,write_acl;Profile$role$epubSuperAdmin:read,write,list,destroy,read_owner,write_owner,read_acl,write_acl;","Profile$role$epubSuperAdmin:write,read;Profile$role$user_profiles:read;Profile$role$CSR:write,read","portal-admin"
"mpanzuto","Marcello","Panzuto","marcello_panzuto@agilent.com",,03-JAN-23,10-SEP-22,"Profile$login$mpanzuto:read,write,list,destroy,read_owner,write_owner,read_acl,write_acl;Profile$role$epubSuperAdmin:read,write,list,destroy,read_owner,write_owner,read_acl,write_acl;","Profile$role$epubSuperAdmin:write,read;Profile$role$user_profiles:read;Profile$role$CSR:write,read","epubAdmin"
"mpanzuto","Marcello","Panzuto","marcello_panzuto@agilent.com",,03-JAN-23,10-SEP-22,"Profile$login$mpanzuto:read,write,list,destroy,read_owner,write_owner,read_acl,write_acl;Profile$role$epubSuperAdmin:read,write,list,destroy,read_owner,write_owner,read_acl,write_acl;","Profile$role$epubSuperAdmin:write,read;Profile$role$user_profiles:read;Profile$role$CSR:write,read","portal-admin"
"alijagic","aldin","alijagic","aldin.alijagic@agilent.com",,29-NOV-22,08-SEP-22,"Profile$login$alijagic:read,write,list,destroy,read_owner,write_owner,read_acl,write_acl;Profile$role$epubSuperAdmin:read,write,list,destroy,read_owner,write_owner,read_acl,write_acl;","Profile$role$CSR:read,write;Profile$role$epubSuperAdmin:read,write;Profile$role$user_profiles:read","epubAdmin"
"alijagic","aldin","alijagic","aldin.alijagic@agilent.com",,29-NOV-22,08-SEP-22,"Profile$login$alijagic:read,write,list,destroy,read_owner,write_owner,read_acl,write_acl;Profile$role$epubSuperAdmin:read,write,list,destroy,read_owner,write_owner,read_acl,write_acl;","Profile$role$CSR:read,write;Profile$role$epubSuperAdmin:read,write;Profile$role$user_profiles:read","portal-admin"
"varisaac","Varun","Isaac","varun.isaac@agilent.com",,05-DEC-22,06-SEP-22,"Profile$login$varisaac:read,write,list,destroy,read_owner,write_owner,read_acl,write_acl;Profile$role$epubSuperAdmin:read,write,list,destroy,read_owner,write_owner,read_acl,write_acl;","Profile$role$epubSuperAdmin:read,write;Profile$role$user_profiles:read;Profile$role$CSR:read,write","epubAdmin"
"varisaac","Varun","Isaac","varun.isaac@agilent.com",,05-DEC-22,06-SEP-22,"Profile$login$varisaac:read,write,list,destroy,read_owner,write_owner,read_acl,write_acl;Profile$role$epubSuperAdmin:read,write,list,destroy,read_owner,write_owner,read_acl,write_acl;","Profile$role$epubSuperAdmin:read,write;Profile$role$user_profiles:read;Profile$role$CSR:read,write","portal-admin"
"JENGAMER","jennifer","gamer","jennifer.gamer@agilent.com",,07-DEC-22,10-SEP-22,"Profile$login$JENGAMER:read,write,list,destroy,read_owner,write_owner,read_acl,write_acl;Profile$role$epubSuperAdmin:read,write,list,destroy,read_owner,write_owner,read_acl,write_acl;","Profile$role$epubSuperAdmin:read,write;Profile$role$user_profiles:read;Profile$role$CSR:read,write","epubAdmin"
"JENGAMER","jennifer","gamer","jennifer.gamer@agilent.com",,07-DEC-22,10-SEP-22,"Profile$login$JENGAMER:read,write,list,destroy,read_owner,write_owner,read_acl,write_acl;Profile$role$epubSuperAdmin:read,write,list,destroy,read_owner,write_owner,read_acl,write_acl;","Profile$role$epubSuperAdmin:read,write;Profile$role$user_profiles:read;Profile$role$CSR:read,write","portal-admin"
"teloomba","Tejusvi","Loomba","tejusvi.loomba@agilent.com",,29-NOV-22,10-SEP-22,"Profile$login$teloomba:read,write,list,destroy,read_owner,write_owner,read_acl,write_acl;Profile$role$epubSuperAdmin:read,write,list,destroy,read_owner,write_owner,read_acl,write_acl;","Profile$role$CSR:write,read;Profile$role$user_profiles:read;Profile$role$epubSuperAdmin:write,read","epubSuperAdmin"
"teloomba","Tejusvi","Loomba","tejusvi.loomba@agilent.com",,29-NOV-22,10-SEP-22,"Profile$login$teloomba:read,write,list,destroy,read_owner,write_owner,read_acl,write_acl;Profile$role$epubSuperAdmin:read,write,list,destroy,read_owner,write_owner,read_acl,write_acl;","Profile$role$CSR:write,read;Profile$role$user_profiles:read;Profile$role$epubSuperAdmin:write,read","irole1810006"
"teloomba","Tejusvi","Loomba","tejusvi.loomba@agilent.com",,29-NOV-22,10-SEP-22,"Profile$login$teloomba:read,write,list,destroy,read_owner,write_owner,read_acl,write_acl;Profile$role$epubSuperAdmin:read,write,list,destroy,read_owner,write_owner,read_acl,write_acl;","Profile$role$CSR:write,read;Profile$role$user_profiles:read;Profile$role$epubSuperAdmin:write,read","portal-admin"
"anchabok","anchalee","bok","anchalee_bok@agilent.com",,07-DEC-22,10-SEP-22,"Profile$login$anchabok:read,write,list,destroy,read_owner,write_owner,read_acl,write_acl;Profile$role$epubSuperAdmin:read,write,list,destroy,read_owner,write_owner,read_acl,write_acl;","Profile$role$user_profiles:read;Profile$role$epubSuperAdmin:read,write;Profile$role$CSR:read,write","epubAdmin"
"anchabok","anchalee","bok","anchalee_bok@agilent.com",,07-DEC-22,10-SEP-22,"Profile$login$anchabok:read,write,list,destroy,read_owner,write_owner,read_acl,write_acl;Profile$role$epubSuperAdmin:read,write,list,destroy,read_owner,write_owner,read_acl,write_acl;","Profile$role$user_profiles:read;Profile$role$epubSuperAdmin:read,write;Profile$role$CSR:read,write","portal-admin"
