FIRST_NAME,LAST_NAME,NTID
Tim,Eyer,time
Mansi,Mehra,mehraman
sandeep,singh,sandeepk
Ritu,Gupta,ritgupta
Zahira,Dehn,Zahirdeh
Zheng,Ying,ZHENG001
Neha,Mishra,nehmishr
christopher,langford,clangfor
Faaria,Chowdhury,fhowdhur
Amitabh,Ranjan,amitranj
Miriam,Conrotto,mconrott
ENG LEE,TEH,engleteh
Marcello,Panzuto,mpanzuto
aldin,alijagic,alijagic
Umesh,Sharma,umesharm
Varun,Isaac,varisaac
Ashutosh,Panchal,ashupanc
Sahil,Malik,sahmalik
kristian,deluzio,KDeLuzio
Rekha,Chawla,rechawla
rosa,solinas,rosolina
Tejusvi,Loomba,teloomba
anchalee,bok,anchabok
