/com/agilent/content/ContentRepository:resourceBundleItem, ,LOCALE=en_US,
ID,defaultValue,key,translations
QA2_RB_SUBS_CREATE02,Subscription Order,subscriptionOder.confirmation,"de=QA2_RB_SUBS_CREATE02_de,ko=QA2_RB_SUBS_CREATE02_ko,ja=QA2_RB_SUBS_CREATE02_ja,it=QA2_RB_SUBS_CREATE02_it,fr=QA2_RB_SUBS_CREATE02_fr,es=QA2_RB_SUBS_CREATE02_es,zh=QA2_RB_SUBS_CREATE02_zh"
QA2_RB_SUBS_CREATE04,Delivery Frequency,subscription.delivery.frequency,"de=QA2_RB_SUBS_CREATE04_de,ko=QA2_RB_SUBS_CREATE04_ko,ja=QA2_RB_SUBS_CREATE04_ja,it=QA2_RB_SUBS_CREATE04_it,fr=QA2_RB_SUBS_CREATE04_fr,es=QA2_RB_SUBS_CREATE04_es,zh=QA2_RB_SUBS_CREATE04_zh"
QA2_RB_SUBS_CREATE05,First Order Placed,subscription.first.orderPlaced,"de=QA2_RB_SUBS_CREATE05_de,ko=QA2_RB_SUBS_CREATE05_ko,ja=QA2_RB_SUBS_CREATE05_ja,it=QA2_RB_SUBS_CREATE05_it,fr=QA2_RB_SUBS_CREATE05_fr,es=QA2_RB_SUBS_CREATE05_es,zh=QA2_RB_SUBS_CREATE05_zh"
QA2_RB_SUBS_CREATE01,Thank you for setting up a new subscription order with Agilent.,subscription.mail.thankYouForNewSubscription,"de=QA2_RB_SUBS_CREATE01_de,ko=QA2_RB_SUBS_CREATE01_ko,ja=QA2_RB_SUBS_CREATE01_ja,it=QA2_RB_SUBS_CREATE01_it,fr=QA2_RB_SUBS_CREATE01_fr,es=QA2_RB_SUBS_CREATE01_es,zh=QA2_RB_SUBS_CREATE01_zh"
QA2_RB_SUBS_CREATE07,Estimated arrival,subscription.estimated.arrival,"de=QA2_RB_SUBS_CREATE07_de,ko=QA2_RB_SUBS_CREATE07_ko,ja=QA2_RB_SUBS_CREATE07_ja,it=QA2_RB_SUBS_CREATE07_it,fr=QA2_RB_SUBS_CREATE07_fr,es=QA2_RB_SUBS_CREATE07_es,zh=QA2_RB_SUBS_CREATE07_zh"
QA2_RB_SUBS_CREATE06,Prices are subject to change overtime.,subscription.price.change,"de=QA2_RB_SUBS_CREATE06_de,ko=QA2_RB_SUBS_CREATE06_ko,ja=QA2_RB_SUBS_CREATE06_ja,it=QA2_RB_SUBS_CREATE06_it,fr=QA2_RB_SUBS_CREATE06_fr,es=QA2_RB_SUBS_CREATE06_es,zh=QA2_RB_SUBS_CREATE06_zh"
3100055,"YES, SKIP",subscription.skip.confirm,"de=RB_A05_0018_de,ko=RBT_SUBSCR_KO_13,ja=RB_A05_0014_ja,it=RB_A05_0015_it,fr=RB_A05_0016_fr,es=RB_A05_0017_es,zh=RB_A05_0013_zh"
3100052,Your next shipment is scheduled for {0}.,subscription.skip.scheduled,"de=RB_A05_0036_de,ko=RBT_SUBSCR_KO_15,ja=RB_A05_0032_ja,it=RB_A05_0033_it,fr=RB_A05_0034_fr,es=RB_A05_0035_es,zh=RB_A05_0031_zh"
4300004,Below {0} subscription has been cancelled.,subscription.mail.canceled,"de=3600124,ko=3600122,pt=3600126,ja=3600121,it=3600125,fr=3600123,es=3600127,zh=3800001"
QA2_RB_14900001,Upload Purchase Order (Optional),ssd.uploadPO,"de=QA2_RB_14900001_de,ko=QA2_RB_14900001_ko,pt=QA2_RB_14900001_pt,ja=QA2_RB_14900001_ja,it=QA2_RB_14900001_it,fr=QA2_RB_14900001_fr,es=QA2_RB_14900001_es,zh=QA2_RB_14900001_zh"
QA2_RB_SUBS_OC_7,Subscription Order FAQ,orderCenter.subs.faqLink,"de=QA2_RB_SUBS_OC_7_de,ko=QA2_RB_SUBS_OC_7_ko,ja=QA2_RB_SUBS_OC_7_ja,it=QA2_RB_SUBS_OC_7_it,fr=QA2_RB_SUBS_OC_7_fr,es=QA2_RB_SUBS_OC_7_es,zh=QA2_RB_SUBS_OC_7_zh"
QA2_RB_SUBS_LIST_01,SUBSCRIPTION NAME,subs.list.subsname,
QA2_RB_SUBS_LIST_02,DELIVERY FREQUENCY,subs.list.delfreq,
QA2_RB_SUBS_LIST_03,SUBTOTAL,subs.list.subtotal,
QA2_RB_SUBS_LIST_04,Your subscription orders will be automatically processed based on your delivery schedule.,subs.list.description,
QA2_RB_SUBS_LIST_05,"You don't have any subscription orders set up yet. To start, select eligible items when you're shopping and choose your delivery frequency in the cart or checkout.",subs.list.empty.msg,
QA2_RB_SUBS_LIST_06,Subscription FAQ,subs.list.faq.button,"de=QA2_RB_SUBS_LIST_06_de,ko=QA2_RB_SUBS_LIST_06_ko,ja=QA2_RB_SUBS_LIST_06_ja,it=QA2_RB_SUBS_LIST_06_it,fr=QA2_RB_SUBS_LIST_06_fr,es=QA2_RB_SUBS_LIST_06_es,zh=QA2_RB_SUBS_LIST_06_zh"
QA2_RB_SUBS_LIST_07,How Subscription Orders Work,subs.list.heading,
QA2_RB_SUBS_LIST_08,Add to Shopping Cart,subs.list.badgeHeading1,
QA2_RB_SUBS_LIST_09,"Shop for products on our website, select your quantity, and add them to your shopping cart.",subs.list.badgeDesc1,
QA2_RB_SUBS_LIST_10,Checkout with Subscription,subs.list.badgeHeading2,
QA2_RB_SUBS_LIST_11,"In the cart or checkout, select subscription order with delivery frequency, then submit your order.",subs.list.badgeDesc2,
QA2_RB_SUBS_LIST_12,Easy to Manage,subs.list.badgeHeading3,
QA2_RB_SUBS_LIST_13,"In your account, you can manage your subscriptions, skip, change the frequency, and cancel anytime.",subs.list.badgeDesc3,
QA2_RB_13900005,"{0} from company {1} and email {2}, Phone {3}, would like to receive a quote for the following products.",fwdList.mail.content,"de=QA2_RB_13900005_de,ko=QA2_RB_13900005_ko,ja=QA2_RB_13900005_ja,it=QA2_RB_13900005_it,fr=QA2_RB_13900005_fr,es=QA2_RB_13900005_es,zh=QA2_RB_13900005_zh"
QA2_RB_14900001,Upload Purchase Order (Optional),ssd.uploadPO,"de=QA2_RB_14900001_de,ko=QA2_RB_14900001_ko,pt=QA2_RB_14900001_pt,ja=QA2_RB_14900001_ja,it=QA2_RB_14900001_it,fr=QA2_RB_14900001_fr,es=QA2_RB_14900001_es,zh=QA2_RB_14900001_zh"
QA2_RB_16300001,Renew you Agilent subscription,subscription.renewMailSubject,zh=QA2_RBT_12200002
