<?xml version="1.0" encoding="UTF-8" standalone="no"?>
<!DOCTYPE generic-activities
        PUBLIC "-//Art Technology Group, Inc.//DTD General SQL Adapter//EN"
        "http://www.atg.com/dtds/activitymanager/activitymanager_1.0.dtd">

 <generic-activities> 
 <activity>
    <id>routing</id>
    <resource-bundle>com.agilent.web.routing.WebAppResources</resource-bundle>
    <display-name-resource>routing.displayName</display-name-resource>
    <destination-page>
      <url>/MerchConfig/routingManagement.jsp</url>
      <clear-context>true</clear-context>
      <acl>Profile$role$epubAdmin:read;Profile$role$epubSuperAdmin:read;Profile$role$epubManager:read;Profile$role$Publisher:read;</acl>
    </destination-page>
  </activity>
    
</generic-activities>
