<?xml version="1.0"?>
<!DOCTYPE application PUBLIC "-//Sun Microsystems, Inc.//DTD J2EE Application 1.3//EN" "http://java.sun.com/dtd/application_1_3.dtd">

<application>
	<display-name>admin-tools</display-name>
	<description>admin-tools ear file</description>



	<module>
		<web>
			<web-uri>admin-tools.war</web-uri>
			<context-root>/admin</context-root>
		</web>
	</module>
</application>
<!-- @version $Id: //product/Eclipse/version/10.1.1/plugins/atg.project/templates/application.xml#1 $$Change: 693425 $ -->
